"Empowerment, Agency & Sourcing Independence (Baran District)",,,
Table 16,Family Support (Husband & Household),Number of WE,% of Total WE
,I need help from my family in running my enterprise more effectively,1,1.0
,"My husband was not supportive initially, but now helps when required",0,0.0
,My husband supports/supported me financially,0,0.0
,I have full support of my husband/family and helped me in every possible way,0,0.0
,I am running my enterprise without anyone’s support,0,0.0
,TOTAL RESPONSES,=SUM(C4:C8),=SUM(D4:D8)
Table 17,Comfort with Existing Sourcing Method & Negotiation,Number of WE,% of Total WE
,I travel alone and I handle negotiations independently,0,0.0
,I need travel companion but I handle negotiations independently,0,0.0
,My family member handles the purchase,0,0.0
,OSF/SVEP CRP helps in sourcing material,0,0.0
,I want to source material from different places but I need support,0,0.0
,I am content to source material from nearby market,1,1.0
,TOTAL RESPONDENTS,=SUM(C13:C18),=SUM(D13:D18)
