,,,No. of enterprises,Total funds invested,Average funds invested,Total loan amount from different sources,,,,,,,,,,,,,,Total business performance observations for current year (No.)
Sector,#,Business activities,Count,Total (Rs),Average (Rs),Own Savings,Financed by family member,Profit from business,Mortgaged gold/silver,Sold gold/silver,Loan from family,Moneylender,SHG,OSF/SVEP,Subsidy/grant,Private saving groups/BC,NBFC,Mudra loan,Banks,Current Year Obs (No.)
Trading,1,Vegetable/Fruit,0,0.0,0.0,0.0,0.0,0.0,0.0,0.0,0.0,0.0,0.0,0.0,0.0,0.0,0.0,0.0,0.0,0
,2,Grocery,0,0.0,0.0,0.0,0.0,0.0,0.0,0.0,0.0,0.0,0.0,0.0,0.0,0.0,0.0,0.0,0.0,0
,3,Fancy/Cosmetic/General store,0,0.0,0.0,0.0,0.0,0.0,0.0,0.0,0.0,0.0,0.0,0.0,0.0,0.0,0.0,0.0,0.0,0
,4,Apparel/fabric,0,0.0,0.0,0.0,0.0,0.0,0.0,0.0,0.0,0.0,0.0,0.0,0.0,0.0,0.0,0.0,0.0,0
,5,Electric goods,0,0.0,0.0,0.0,0.0,0.0,0.0,0.0,0.0,0.0,0.0,0.0,0.0,0.0,0.0,0.0,0.0,0
,6,Stone shop,0,0.0,0.0,0.0,0.0,0.0,0.0,0.0,0.0,0.0,0.0,0.0,0.0,0.0,0.0,0.0,0.0,0
,7,"Agri-input retail,",0,0.0,0.0,0.0,0.0,0.0,0.0,0.0,0.0,0.0,0.0,0.0,0.0,0.0,0.0,0.0,0.0,0
,8,AI/breeding kits,0,0.0,0.0,0.0,0.0,0.0,0.0,0.0,0.0,0.0,0.0,0.0,0.0,0.0,0.0,0.0,0.0,0
,9,Goat trading,0,0.0,0.0,0.0,0.0,0.0,0.0,0.0,0.0,0.0,0.0,0.0,0.0,0.0,0.0,0.0,0.0,0
Trading TOTAL,,TOTAL TRADING,=SUM(D3:D11),=SUM(E3:E11),"=IF(D12>0, E12/D12, 0)",=SUM(G3:G11),=SUM(H3:H11),=SUM(I3:I11),=SUM(J3:J11),=SUM(K3:K11),=SUM(L3:L11),=SUM(M3:M11),=SUM(N3:N11),=SUM(O3:O11),=SUM(P3:P11),=SUM(Q3:Q11),=SUM(R3:R11),=SUM(S3:S11),=SUM(T3:T11),=SUM(U3:U11)
Service,10,Flour mill,0,0.0,0.0,0.0,0.0,0.0,0.0,0.0,0.0,0.0,0.0,0.0,0.0,0.0,0.0,0.0,0.0,0
,11,Tailoring,0,0.0,0.0,0.0,0.0,0.0,0.0,0.0,0.0,0.0,0.0,0.0,0.0,0.0,0.0,0.0,0.0,0
,12,Beauty parlour,0,0.0,0.0,0.0,0.0,0.0,0.0,0.0,0.0,0.0,0.0,0.0,0.0,0.0,0.0,0.0,0.0,0
,13,Auto-mechanic/ two-wheeler repair,0,0.0,0.0,0.0,0.0,0.0,0.0,0.0,0.0,0.0,0.0,0.0,0.0,0.0,0.0,0.0,0.0,0
,14,E-mitra,1,470000.0,470000.0,68000.0,0.0,256000.0,0.0,0.0,0.0,0.0,50000.0,48000.0,48000.0,0.0,0.0,0.0,0.0,1
,15,Transport,0,0.0,0.0,0.0,0.0,0.0,0.0,0.0,0.0,0.0,0.0,0.0,0.0,0.0,0.0,0.0,0.0,0
,16,Tent house,0,0.0,0.0,0.0,0.0,0.0,0.0,0.0,0.0,0.0,0.0,0.0,0.0,0.0,0.0,0.0,0.0,0
,17,Mobile repair shop,0,0.0,0.0,0.0,0.0,0.0,0.0,0.0,0.0,0.0,0.0,0.0,0.0,0.0,0.0,0.0,0.0,0
,18,Stone cutting,0,0.0,0.0,0.0,0.0,0.0,0.0,0.0,0.0,0.0,0.0,0.0,0.0,0.0,0.0,0.0,0.0,0
Service TOTAL,,TOTAL SERVICE,=SUM(D13:D21),=SUM(E13:E21),"=IF(D22>0, E22/D22, 0)",=SUM(G13:G21),=SUM(H13:H21),=SUM(I13:I21),=SUM(J13:J21),=SUM(K13:K21),=SUM(L13:L21),=SUM(M13:M21),=SUM(N13:N21),=SUM(O13:O21),=SUM(P13:P21),=SUM(Q13:Q21),=SUM(R13:R21),=SUM(S13:S21),=SUM(T13:T21),=SUM(U13:U21)
Production,19,Sanitary napkin making,0,0.0,0.0,0.0,0.0,0.0,0.0,0.0,0.0,0.0,0.0,0.0,0.0,0.0,0.0,0.0,0.0,0
,20,Handicraft,0,0.0,0.0,0.0,0.0,0.0,0.0,0.0,0.0,0.0,0.0,0.0,0.0,0.0,0.0,0.0,0.0,0
,21,Dairy shop/Milk collection centre,0,0.0,0.0,0.0,0.0,0.0,0.0,0.0,0.0,0.0,0.0,0.0,0.0,0.0,0.0,0.0,0.0,0
,22,Juice,0,0.0,0.0,0.0,0.0,0.0,0.0,0.0,0.0,0.0,0.0,0.0,0.0,0.0,0.0,0.0,0.0,0
,23,Food processing (pickle/badi/papad making),0,0.0,0.0,0.0,0.0,0.0,0.0,0.0,0.0,0.0,0.0,0.0,0.0,0.0,0.0,0.0,0.0,0
,24,Food making (Sweets/Namkeen/hotel),0,0.0,0.0,0.0,0.0,0.0,0.0,0.0,0.0,0.0,0.0,0.0,0.0,0.0,0.0,0.0,0.0,0
,25,Sweet box making,0,0.0,0.0,0.0,0.0,0.0,0.0,0.0,0.0,0.0,0.0,0.0,0.0,0.0,0.0,0.0,0.0,0
,26,Flag making,0,0.0,0.0,0.0,0.0,0.0,0.0,0.0,0.0,0.0,0.0,0.0,0.0,0.0,0.0,0.0,0.0,0
,27,Leather products,0,0.0,0.0,0.0,0.0,0.0,0.0,0.0,0.0,0.0,0.0,0.0,0.0,0.0,0.0,0.0,0.0,0
,28,Stone idols,0,0.0,0.0,0.0,0.0,0.0,0.0,0.0,0.0,0.0,0.0,0.0,0.0,0.0,0.0,0.0,0.0,0
,29,Any other,0,0.0,0.0,0.0,0.0,0.0,0.0,0.0,0.0,0.0,0.0,0.0,0.0,0.0,0.0,0.0,0.0,0
Production TOTAL,,TOTAL PRODUCTION,=SUM(D23:D33),=SUM(E23:E33),"=IF(D34>0, E34/D34, 0)",=SUM(G23:G33),=SUM(H23:H33),=SUM(I23:I33),=SUM(J23:J33),=SUM(K23:K33),=SUM(L23:L33),=SUM(M23:M33),=SUM(N23:N33),=SUM(O23:O33),=SUM(P23:P33),=SUM(Q23:Q33),=SUM(R23:R33),=SUM(S23:S33),=SUM(T23:T33),=SUM(U23:U33)
GRAND TOTAL,,OVERALL ENTERPRISE TOTAL,=D12+D22+D34,=E12+E22+E34,"=IF(D35>0, E35/D35, 0)",=G12+G22+G34,=H12+H22+H34,=I12+I22+I34,=J12+J22+J34,=K12+K22+K34,=L12+L22+L34,=M12+M22+M34,=N12+N22+N34,=O12+O22+O34,=P12+P22+P34,=Q12+Q22+Q34,=R12+R22+R34,=S12+S22+S34,=T12+T22+T34,=U12+U22+U34
,,Distribution of loan amount from different sources as per the usage,,,,,,,,,,,,,,,,,,
,#,Loan Usage Purpose,Own Savings,Financed by family member,Profit from business,Mortgaged gold/silver,Sold gold/silver,Loan from family,Moneylender,SHG,OSF/SVEP,Subsidy/grant,Private saving groups/BC,NBFC,Mudra loan,Banks,Total loan (Rs),,,
,1,Seed capital to buy material and set up the shop,68000.0,0.0,0.0,0.0,0.0,0.0,0.0,0.0,0.0,0.0,0.0,0.0,0.0,0.0,=SUM(D41:Q41),,,
,2,Buy new machine to increase the production capacity ( eg: sewing machine),0.0,0.0,256000.0,0.0,0.0,0.0,0.0,50000.0,48000.0,48000.0,0.0,0.0,0.0,0.0,=SUM(D42:Q42),,,
,3,Buy assets to store and sell new products ( eg: fridge),0.0,0.0,0.0,0.0,0.0,0.0,0.0,0.0,0.0,0.0,0.0,0.0,0.0,0.0,=SUM(D43:Q43),,,
,4,Get additional space to expand my business ( eg: addition of flour mill),0.0,0.0,0.0,0.0,0.0,0.0,0.0,0.0,0.0,0.0,0.0,0.0,0.0,0.0,=SUM(D44:Q44),,,
,5,Buy more material to increase the product range offered (eg: clothes in a fancy store),0.0,0.0,0.0,0.0,0.0,0.0,0.0,0.0,0.0,0.0,0.0,0.0,0.0,0.0,=SUM(D45:Q45),,,
,6,Buy more material/inputs to increase scale of business/production,0.0,0.0,0.0,0.0,0.0,0.0,0.0,0.0,0.0,0.0,0.0,0.0,0.0,0.0,=SUM(D46:Q46),,,
,7,Buy vehicle to access new market to buy/sell goods,0.0,0.0,0.0,0.0,0.0,0.0,0.0,0.0,0.0,0.0,0.0,0.0,0.0,0.0,=SUM(D47:Q47),,,
,8,Access better transport services to access new market to buy/sell goods,0.0,0.0,0.0,0.0,0.0,0.0,0.0,0.0,0.0,0.0,0.0,0.0,0.0,0.0,=SUM(D48:Q48),,,
,9,Buy mobile phone to promote/sell my goods online,0.0,0.0,0.0,0.0,0.0,0.0,0.0,0.0,0.0,0.0,0.0,0.0,0.0,0.0,=SUM(D49:Q49),,,
,10,"Any other, specify……….",0.0,0.0,0.0,0.0,0.0,0.0,0.0,0.0,0.0,0.0,0.0,0.0,0.0,0.0,=SUM(D50:Q50),,,
,11,Not used the source,0.0,0.0,0.0,0.0,0.0,0.0,0.0,0.0,0.0,0.0,0.0,0.0,0.0,0.0,=SUM(D51:Q51),,,
,,TOTAL ALL USAGES,=SUM(D41:D51),=SUM(E41:E51),=SUM(F41:F51),=SUM(G41:G51),=SUM(H41:H51),=SUM(I41:I51),=SUM(J41:J51),=SUM(K41:K51),=SUM(L41:L51),=SUM(M41:M51),=SUM(N41:N51),=SUM(O41:O51),=SUM(P41:P51),=SUM(Q41:Q51),=SUM(R41:R51),,,
