"Empowerment, Agency & Sourcing Independence (Churu District)",,,
Table 16,Family Support (Husband & Household),Number of WE,% of Total WE
,I need help from my family in running my enterprise more effectively,5,0.21739130434782608
,"My husband was not supportive initially, but now helps when required",5,0.21739130434782608
,My husband supports/supported me financially,8,0.34782608695652173
,I have full support of my husband/family and helped me in every possible way,8,0.34782608695652173
,I am running my enterprise without anyone’s support,6,0.2608695652173913
,TOTAL RESPONSES,=SUM(C4:C8),=SUM(D4:D8)
Table 17,Comfort with Existing Sourcing Method & Negotiation,Number of WE,% of Total WE
,I travel alone and I handle negotiations independently,5,0.21739130434782608
,I need travel companion but I handle negotiations independently,6,0.2608695652173913
,My family member handles the purchase,5,0.21739130434782608
,OSF/SVEP CRP helps in sourcing material,0,0.0
,I want to source material from different places but I need support,1,0.043478260869565216
,I am content to source material from nearby market,5,0.21739130434782608
,TOTAL RESPONDENTS,=SUM(C13:C18),=SUM(D13:D18)
