General & Demographic Indicators of Women Entrepreneurs (Churu District),,,,,
,Total Number of Women Entrepreneurs Surveyed,23,,,
Table 1.0,In leadership role in SHG/VO/CLF,Number of WE,% of Total WE,,
,Yes,12,0.5217391304347826,,
,No,11,0.4782608695652174,,
,TOTAL,=SUM(C5:C6),=SUM(D5:D6),,
Table 2.0,In relation with BDSP/SVEP CRPs,Number of WE,% of Total WE,,
,Yes,6,0.2608695652173913,,
,No,17,0.7391304347826086,,
,TOTAL,=SUM(C10:C11),=SUM(D10:D11),,
Table 3.0,Business Categories,Number of WE,% of Total WE,,
,In Trading,15,0.6521739130434783,,
,In Service,8,0.34782608695652173,,
,In Production,2,0.08695652173913043,,
,TOTAL RESPONSES,=SUM(C15:C17),=SUM(D15:D17),,
Table 4.0,Access to Registrations / Formal Documents,Number of WE,% of Total WE,,
,PAN card,22,0.9565217391304348,,
,Aadhar card,23,1.0,,
,Udyam Aadhar,14,0.6086956521739131,,
,Shop and Establishment registration,2,0.08695652173913043,,
,FSSAI,0,0.0,,
,Caste certificate,22,0.9565217391304348,,
,Income certificate,10,0.43478260869565216,,
,TOTAL RESPONSES,=SUM(C21:C27),=SUM(D21:D27),,
Table 5.0,Age-Group Distribution,Number of WE,% of Total WE,,
,18-25,0,0.0,,
,26-35,8,0.34782608695652173,,
,36-45,8,0.34782608695652173,,
,46-55,5,0.21739130434782608,,
,Above 55,2,0.08695652173913043,,
,TOTAL,=SUM(C31:C35),=SUM(D31:D35),,
Table 6.0,Marital Status,Number of WE,% of Total WE,,
,Single,0,0.0,,
,Married,22,0.9565217391304348,,
,Widowed,1,0.043478260869565216,,
,Separated,0,0.0,,
,Divorced,0,0.0,,
,TOTAL,=SUM(C39:C43),=SUM(D39:D43),,
Table 7.0,Social Category (Caste Group),Number of WE,% of Total WE,,
,SC,8,0.34782608695652173,,
,ST,1,0.043478260869565216,,
,OBC,6,0.2608695652173913,,
,General,8,0.34782608695652173,,
,TOTAL,=SUM(C47:C50),=SUM(D47:D50),,
Table 8.0,Education Status of Women Entrepreneurs,Number of WE,% of Total WE,,
,Illiterate,3,0.13043478260869565,,
,Illiterate but able to calculate,0,0.0,,
,Upto 5th,5,0.21739130434782608,,
,Upto 8th,4,0.17391304347826086,,
,Upto 10th,2,0.08695652173913043,,
,Upto 12th,3,0.13043478260869565,,
,Diploma,0,0.0,,
,Graduate,5,0.21739130434782608,,
,B.Ed,1,0.043478260869565216,,
,TOTAL,=SUM(C54:C62),=SUM(D54:D62),,
Table 9.0,Household Size (Family Members),Number of WE,% of Total WE,,
,Upto 4,10,0.43478260869565216,,
,4-6,11,0.4782608695652174,,
,6-8,1,0.043478260869565216,,
,8-10,0,0.0,,
,More than 10,1,0.043478260869565216,,
,TOTAL,=SUM(C66:C70),=SUM(D66:D70),,
Table 10.0,Number of Earning Members in Family,Number of WE,% of Total WE,,
,1,0,0.0,,
,2,1,0.043478260869565216,,
,3,1,0.043478260869565216,,
,4,0,0.0,,
,5,0,0.0,,
,6,0,0.0,,
,More than 6,0,0.0,,
,TOTAL,=SUM(C74:C80),=SUM(D74:D80),,
Table 11.0,Annual Household Income Brackets,Number of WE,% of Total WE,,
,"Less than Rs 80,000",0,0.0,,
,"Rs 80,000 to Rs 1,20,000",1,0.043478260869565216,,
,"Rs 1,20,001 to Rs 1,60,000",2,0.08695652173913043,,
,"Rs 1,60,001 to Rs 2,00,000",3,0.13043478260869565,,
,"Rs 2,00,001 to Rs 2,40,000",3,0.13043478260869565,,
,"Rs 2,40,001 to Rs 2,80,000",0,0.0,,
,"Rs 2,80,001 to Rs 3,20,000",0,0.0,,
,"Rs 3,20,001 to Rs 3,60,000",3,0.13043478260869565,,
,"Rs 3,60,001 to Rs 4,00,000",3,0.13043478260869565,,
,"Above Rs 4,00,001",8,0.34782608695652173,,
,TOTAL,=SUM(C84:C93),=SUM(D84:D93),,
Table 12.0,Access to Different Sources of Funds,Number of WE,% of Total WE,,
,Own Savings,2,0.08695652173913043,,
,Financed by family member,1,0.043478260869565216,,
,Profit from business,2,0.08695652173913043,,
,Mortgaged gold/silver,0,0.0,,
,Sold gold/silver,0,0.0,,
,Loan from family,0,0.0,,
,Moneylender,0,0.0,,
,SHG,2,0.08695652173913043,,
,OSF/SVEP,2,0.08695652173913043,,
,Subsidy/grant,0,0.0,,
,Private saving groups/BC,0,0.0,,
,NBFC,0,0.0,,
,Mudra loan,1,0.043478260869565216,,
,Banks,0,0.0,,
,TOTAL RESPONSES,=SUM(C97:C110),=SUM(D97:D110),,
Table 13.0,Purpose of Utilizing Arranged Capital / Loans,Number of WE,% of Total WE,,
,Seed capital to buy material and set up the shop,2,0.08695652173913043,,
,Buy new machine to increase the production capacity ( eg: sewing machine),0,0.0,,
,Buy assets to store and sell new products ( eg: fridge),1,0.043478260869565216,,
,Get additional space to expand my business ( eg: addition of flour mill),0,0.0,,
,Buy more material to increase the product range offered (eg: clothes in a fancy store),0,0.0,,
,Buy more material/inputs to increase scale of business/production,0,0.0,,
,Buy vehicle to access new market to buy/sell goods,0,0.0,,
,Access better transport services to access new market to buy/sell goods,0,0.0,,
,Buy mobile phone to promote/sell my goods online,0,0.0,,
,"Any other, specify……….",0,0.0,,
,Not used the source,1,0.043478260869565216,,
,TOTAL RESPONSES,=SUM(C114:C124),=SUM(D114:D124),,
Table 14.0,Experience with Existing Funding Sources,Number of WE,% of Total WE,,
,SHG loan is sufficient for the current scale of my business,7,0.30434782608695654,,
,I regularly plough in my business earnings,13,0.5652173913043478,,
,SHG loan size is smaller than my requirement,10,0.43478260869565216,,
,I get the required loan easily from the moneylender/NBFIs.,0,0.0,,
,My family members help me with funds and loans,1,0.043478260869565216,,
,I don't prefer money lender or NBFIs as the interest rate is high,0,0.0,,
,I don't prefer money lender or NBFIs as the repayment time is shorter for my convenience,1,0.043478260869565216,,
,TOTAL RESPONSES,=SUM(C128:C134),=SUM(D128:D134),,
Table 15.0,Financial Relief & Income Utilization from Enterprise,Number of WE,% of Total WE,,
,I don’t need to ask money from my husband/family for my needs.,1,0.043478260869565216,,
,The income from enterprise is the biggest source of income for my family,2,0.08695652173913043,,
,The income from enterprise is used in covering education related expenses for my children.,2,0.08695652173913043,,
,I have been able to pay the family debts.,1,0.043478260869565216,,
,I have contributed money in acquiring assets for my family ,1,0.043478260869565216,,
,I have contributed money for marriage expenses. ,1,0.043478260869565216,,
,Any other (Please specify),1,0.043478260869565216,,
,TOTAL RESPONSES,=SUM(C138:C144),=SUM(D138:D144),,
Table 16.0,Future Capital & Fund Requirements for Expansion,Number of WE,% of Total WE,,
,"Upto Rs 1,00,000",13,0.5652173913043478,,
,"Rs 1,00,001-Rs 3,00,000",6,0.2608695652173913,,
,"Rs 3,00,001-Rs 5,00,000",2,0.08695652173913043,,
,"Rs 5,00,001-Rs 7,00,000",1,0.043478260869565216,,
,"Rs 7,00,001-Rs 9,00,000",0,0.0,,
,"More than 9,00,000",0,0.0,,
,TOTAL,=SUM(C148:C153),=SUM(D148:D153),,
Table 17.0,Attended Training under SVEP / OSF,Number of WE,% of Total WE,,
,Yes,1,0.043478260869565216,,
,No,21,0.9130434782608695,,
,TOTAL,=SUM(C157:C158),=SUM(D157:D158),,
Table 18.0,Implemented Training Component in Business,Number of WE,% of Total WE,,
,Yes,1,0.043478260869565216,,
,No,0,0.0,,
,TOTAL,=SUM(C162:C163),=SUM(D162:D163),,
Table 19.0,Increase in Monthly Income Directly Due to SVEP/OSF Loan,Number of WE,% of Total WE,,
,Upto Rs 2000,0,0.0,,
,Rs 2000 to Rs 3000,0,0.0,,
,Rs 3000 to Rs 4000,0,0.0,,
,Rs 4000 to Rs 5000,1,0.043478260869565216,,
,Rs 5000 to Rs 6000,0,0.0,,
,Above Rs 6000,20,0.8695652173913043,,
,Cant say,1,0.043478260869565216,,
,TOTAL,=SUM(C167:C173),=SUM(D167:D173),,
Table 20.0,Contribution of SVEP / OSF CRPs to Enterprise,Number of WE,% of Total WE,,
,Accessing subsidy,0,0.0,,
,Getting necessary documents (Aadhar/PAN/Udyam/FSSAI),14,0.6086956521739131,,
,They helped us to understand business plans,13,0.5652173913043478,,
,They gave us new ideas to improve our profit.,13,0.5652173913043478,,
,They trained us on maintaining records which we didn’t know earlier,3,0.13043478260869565,,
,They helped in accessing loans from bank,0,0.0,,
,They helped in our communication skills,9,0.391304347826087,,
,They helped in marketing,3,0.13043478260869565,,
,They helped in learning use of instagram,0,0.0,,
,They helped us to understand our competitors and suggested ways to beat the competition,1,0.043478260869565216,,
,TOTAL RESPONSES,=SUM(C177:C186),=SUM(D177:D186),,
Table 21.0,Expectations from SVEP / OSF Scheme,Number of WE,% of Total WE,,
,Need bigger loan amount,19,0.8260869565217391,,
,Need help in accessing Mudra loan,2,0.08695652173913043,,
,Need more guidance of SBDP/SVEP CRPs,8,0.34782608695652173,,
,Need help to access bigger markets,5,0.21739130434782608,,
,Need help with online purchase,0,0.0,,
,Need help with instagram,1,0.043478260869565216,,
,Need my business specific trainings,0,0.0,,
,"Any other, Specify",2,0.08695652173913043,,
,TOTAL RESPONSES,=SUM(C190:C197),=SUM(D190:D197),,
Table 22.0,Ownership & Access to Smartphone,Number of WE,% of Total WE,,
,Yes,13,0.5652173913043478,,
,"No, but access to smart phone",8,0.34782608695652173,,
,No,1,0.043478260869565216,,
,TOTAL,=SUM(C201:C203),=SUM(D201:D203),,
Table 23.0,Adoption of QR Code / Mobile Banking for Payments,Number of WE,% of Total WE,,
,Yes,17,0.7391304347826086,,
,No,5,0.21739130434782608,,
,TOTAL,=SUM(C207:C208),=SUM(D207:D208),,
Table 24.0,Daily Digital Transaction Volume (QR / UPI),Number of WE,% of Total WE,,
,1-4,2,0.08695652173913043,,
,5-10,9,0.391304347826087,,
,10-20,3,0.13043478260869565,,
,20-40,1,0.043478260869565216,,
,More than 40,2,0.08695652173913043,,
,TOTAL,=SUM(C212:C216),=SUM(D212:D216),,
Table 25.0,Social Media Marketing Orientation & Habits,Number of WE,% of Total WE,,
,I regularly share images on whatsapp to get orders,7,0.30434782608695654,,
,I regularly share images/reels on instagram to get orders,0,0.0,,
,It is important but I don’t have access to smart phone,1,0.043478260869565216,,
,I do not use because I don't know how to use whatsapp/ instagram,0,0.0,,
,I don't have time to learn and use social media,0,0.0,,
,I don't want to use social media,9,0.391304347826087,,
,"Any other, specify",5,0.21739130434782608,,
,TOTAL RESPONSES,=SUM(C220:C226),=SUM(D220:D226),,
Table 26.0,Social Media Platforms Utilized,Number of WE,% of Total WE,,
,Whatsapp,7,0.30434782608695654,,
,Instagram,2,0.08695652173913043,,
,Pinterest,0,0.0,,
,Facebook,1,0.043478260869565216,,
,Snapchat,0,0.0,,
,Don’t use social media,16,0.6956521739130435,,
,TOTAL RESPONSES,=SUM(C230:C235),=SUM(D230:D235),,
Table 27.0,Functional Purpose of Social Media in Business,Number of WE,% of Total WE,,
,Use texts to ask/share prices and book orders,4,0.17391304347826086,,
,Share images to promote business,3,0.13043478260869565,,
,Share images to enquire about the availability of products to vendors,0,0.0,,
,Get new ideas and information about new products/services,0,0.0,,
,Don’t use social media,0,0.0,,
,TOTAL RESPONSES,=SUM(C239:C243),=SUM(D239:D243),,
Table 28.0,Key Tenure & Vintage Indicators (Averages),Metric Value,,,
,Average Years of Enterprise Operation,4.7 Years,,,
,Average Years Since SVEP / OSF Loan Disbursement,3.6 Years,,,
,Average Years of SHG Membership,5.1 Years,,,
