Q_C_07_MAIN	Survey	MaterialSourcingPct	QuestionPrompt, SectionC, MainHeader	Text	Q7. What percentage of material do you source from these places?	Main question header for material sourcing	Question Label		Q7. What percentage of material do you source from these places?							प्र.7 आप इन स्थानों से कितने प्रतिशत सामग्री खरीदते हैं?	प्र.7 थे इण जगां सूं कित्ता टका माल खरीदो हो?		Antigravity	09/26/2026 13:00:00
ROW_Q7_NEARBY	Survey_Tables	Row_Item	SubTable_Q7_Sourcing, Row_Item	Enum	Nearby town/district	Nearby town/district (0%/25%/50%/75%/100%)	SubTable Question Item		Nearby town/district							आस-पास का कस्बा / जिला	आस-पास रो कस्बो / जिलो		Antigravity	09/26/2026 13:00:00
ROW_Q7_STATE	Survey_Tables	Row_Item	SubTable_Q7_Sourcing, Row_Item	Enum	Wholesale market within state	Wholesale market within state (0%/25%/50%/75%/100%)	SubTable Question Item		Wholesale market within state							राज्य के भीतर थोक बाजार	राजस्थान रो थोक बाजार		Antigravity	09/26/2026 13:00:00
ROW_Q7_OUTSIDE	Survey_Tables	Row_Item	SubTable_Q7_Sourcing, Row_Item	Enum	Wholesale market outside the state	Wholesale market outside the state (0%/25%/50%/75%/100%)	SubTable Question Item		Wholesale market outside the state							राज्य के बाहर थोक बाजार	राजस्थान सूं बाहर रो थोक बाजार		Antigravity	09/26/2026 13:00:00
ROW_Q7_ONLINE	Survey_Tables	Row_Item	SubTable_Q7_Sourcing, Row_Item	Enum	Order online (Amazon/Meesho)	Order online (Amazon/Misho) (0%/25%/50%/75%/100%)	SubTable Question Item		Order online (Amazon/Meesho)							ऑनलाइन ऑर्डर (Amazon/Meesho)	ऑनलाइन ऑर्डर		Antigravity	09/26/2026 13:00:00
MAIN_PCT_SCALE_Q7	Survey_Tables	PercentageLevel	PercentageScale, MainScale, Q7_Sourcing	Enum	Percentage Scale (0%, 25%, 50%, 75%, 100%)	Main line powering Q7 material sourcing percentage dropdowns	Scale Definition		0% , 25% , 50% , 75% , 100%							प्रतिशत पैमाना (0%, 25%, 50%, 75%, 100%)	प्रतिशत पैमानो (0%, 25%, 50%, 75%, 100%)		Antigravity	09/26/2026 13:00:00
PCT_Q7_000	Survey_Tables	PercentageLevel	Scale_Q7_Sourcing, Option	Enum	0%	0% allocation	Dropdown Option		0%							शून्य प्रतिशत	शून्य टका		Antigravity	09/26/2026 13:00:00
PCT_Q7_025	Survey_Tables	PercentageLevel	Scale_Q7_Sourcing, Option	Enum	25%	25% allocation	Dropdown Option		25%							पच्चीस प्रतिशत	पच्चीस टका		Antigravity	09/26/2026 13:00:00
PCT_Q7_050	Survey_Tables	PercentageLevel	Scale_Q7_Sourcing, Option	Enum	50%	50% allocation	Dropdown Option		50%							पचास प्रतिशत	पचास टका		Antigravity	09/26/2026 13:00:00
PCT_Q7_075	Survey_Tables	PercentageLevel	Scale_Q7_Sourcing, Option	Enum	75%	75% allocation	Dropdown Option		75%							पचहत्तर प्रतिशत	पचहत्तर टका		Antigravity	09/26/2026 13:00:00
PCT_Q7_100	Survey_Tables	PercentageLevel	Scale_Q7_Sourcing, Option	Enum	100%	100% allocation	Dropdown Option		100%							सौ प्रतिशत (पूर्ण)	सौ टका (पूरो)		Antigravity	09/26/2026 13:00:00
Q_C_10_MAIN	Survey	SalesChannelsPct	QuestionPrompt, SectionC, MainHeader	Text	Q10. What percentage of your products/services get sold through following channels?	Main question header for sales channels percentage breakdown	Question Label		Q10. What percentage of your products/services get sold through following channels?							प्र.10 आपके कितने प्रतिशत उत्पाद/सेवाएं निम्नलिखित माध्यमों से बिकते हैं?	प्र.10 थारो कित्तो माल इण जरियां सूं बिकै है?		Antigravity	09/26/2026 13:00:00
ROW_Q10_ONLINE	Survey_Tables	Row_Item	SubTable_Q10_Sales, Row_Item	Enum	Online platforms	Online platforms (0% to 100%)	SubTable Question Item		Online platforms							ऑनलाइन प्लेटफॉर्म	ऑनलाइन प्लेटफॉर्म		Antigravity	09/26/2026 13:00:00
ROW_Q10_WHATSAPP	Survey_Tables	Row_Item	SubTable_Q10_Sales, Row_Item	Enum	Whatsapp	Whatsapp (0% to 100%)	SubTable Question Item		Whatsapp							व्हाट्सएप (WhatsApp)	व्हाट्सएप		Antigravity	09/26/2026 13:00:00
ROW_Q10_INSTAGRAM	Survey_Tables	Row_Item	SubTable_Q10_Sales, Row_Item	Enum	Instagram	Instagram (0% to 100%)	SubTable Question Item		Instagram							इंस्टाग्राम (Instagram)	इंस्टाग्राम		Antigravity	09/26/2026 13:00:00
ROW_Q10_PREMISE	Survey_Tables	Row_Item	SubTable_Q10_Sales, Row_Item	Enum	Your premise	Your premise / shop (0% to 100%)	SubTable Question Item		Your premise							आपकी दुकान / परिसर	थारी खुद री दुकान		Antigravity	09/26/2026 13:00:00
ROW_Q10_TRADERS	Survey_Tables	Row_Item	SubTable_Q10_Sales, Row_Item	Enum	Local traders/shopkeepers	Local traders/shopkeepers (0% to 100%)	SubTable Question Item		Local traders/shopkeepers							स्थानीय व्यापारी / दुकानदार	गांव रा व्यापारी / दुकानदार		Antigravity	09/26/2026 13:00:00
ROW_Q10_HAAT	Survey_Tables	Row_Item	SubTable_Q10_Sales, Row_Item	Enum	Local haat/market	Local haat/weekly market (0% to 100%)	SubTable Question Item		Local haat/market							स्थानीय हाट / साप्ताहिक बाजार	स्थानीय हाट बाजार		Antigravity	09/26/2026 13:00:00
ROW_Q10_SARAS	Survey_Tables	Row_Item	SubTable_Q10_Sales, Row_Item	Enum	Saras fair	Saras fair (0% to 100%)	SubTable Question Item		Saras fair							सरस मेला / प्रदर्शनी	सरस मेलो		Antigravity	09/26/2026 13:00:00
MAIN_PCT_SCALE_Q10	Survey_Tables	SalesChannelsPct	PercentageScale, MainScale, Q10_Sales	Enum	Percentage Scale (0%, upto 15%, upto 30%, upto 45%, upto 60%, upto 75%, upto 90%, 100%)	Main line powering Q10 sales channels percentage dropdowns	Scale Definition		0% , upto 15% , upto 30% , upto 45% , upto 60% , upto 75% , upto 90% , 100%							प्रतिशत पैमाना (0%, 15% तक, 30% तक, 45% तक, 60% तक, 75% तक, 90% तक, 100%)	प्रतिशत पैमानो (0%, 15% तांई, 30% तांई, 45% तांई, 60% तांई, 75% तांई, 90% तांई, 100%)		Antigravity	09/26/2026 13:00:00
PCT_Q10_000	Survey_Tables	SalesChannelsPct	Scale_Q10_Sales, Option	Enum	0%	0% sales allocation	Dropdown Option		0%							शून्य प्रतिशत	शून्य टका		Antigravity	09/26/2026 13:00:00
PCT_Q10_015	Survey_Tables	SalesChannelsPct	Scale_Q10_Sales, Option	Enum	upto 15%	upto 15% sales allocation	Dropdown Option		upto 15%							15% तक	15% तांई		Antigravity	09/26/2026 13:00:00
PCT_Q10_030	Survey_Tables	SalesChannelsPct	Scale_Q10_Sales, Option	Enum	upto 30%	upto 30% sales allocation	Dropdown Option		upto 30%							30% तक	30% तांई		Antigravity	09/26/2026 13:00:00
PCT_Q10_045	Survey_Tables	SalesChannelsPct	Scale_Q10_Sales, Option	Enum	upto 45%	upto 45% sales allocation	Dropdown Option		upto 45%							45% तक	45% तांई		Antigravity	09/26/2026 13:00:00
PCT_Q10_060	Survey_Tables	SalesChannelsPct	Scale_Q10_Sales, Option	Enum	upto 60%	upto 60% sales allocation	Dropdown Option		upto 60%							60% तक	60% तांई		Antigravity	09/26/2026 13:00:00
PCT_Q10_075	Survey_Tables	SalesChannelsPct	Scale_Q10_Sales, Option	Enum	upto 75%	upto 75% sales allocation	Dropdown Option		upto 75%							75% तक	75% तांई		Antigravity	09/26/2026 13:00:00
PCT_Q10_090	Survey_Tables	SalesChannelsPct	Scale_Q10_Sales, Option	Enum	upto 90%	upto 90% sales allocation	Dropdown Option		upto 90%							90% तक	90% तांई		Antigravity	09/26/2026 13:00:00
PCT_Q10_100	Survey_Tables	SalesChannelsPct	Scale_Q10_Sales, Option	Enum	100%	100% sales allocation	Dropdown Option		100%							100% (पूर्ण)	100% (पूरो)		Antigravity	09/26/2026 13:00:00
Q_B_06_MAIN	Survey	FamilyMemberCount	QuestionPrompt, SectionB, MainHeader	Text	Q6. Give details of the family members? (count)	Details of family members	Question Label		Q6. Give details of the family members? (count)							प्र.6 परिवार के सदस्यों का विवरण दें? (संख्या)	प्र.6 परिवार रा सदस्यां रो ब्योरो देवो? (गिनती)		Antigravity	09/26/2026 13:00:00
Q_E_05_MAIN	Survey	Competitors_Count	QuestionPrompt, SectionE, MainHeader	Text	Q5. How many people in your village are in the same business as yours?	Competitors count in village	Question Label		Q5. How many people in your village are in the same business as yours?							प्र.5 आपके गांव में कितने लोग आपके जैसा ही व्यवसाय कर रहे हैं?	प्र.5 थारे गांव में कित्ता जणा थारे जिसो ही धंधो कर रह्या है?		Antigravity	09/26/2026 13:00:00
Q_G_05_MAIN	Survey	MonthlyIncomeBeforeLoan	QuestionPrompt, SectionG, MainHeader	Text	Q5. After the changes you made with the loan from SHG (SVEP/OSF),  did you see any increase in monthly income ?	Income changes after loan	Question Label		Q5. After the changes you made with the loan from SHG (SVEP/OSF),  did you see any increase in monthly income ?							प्र.5 SHG (SVEP/OSF) से मिले ऋण से किए गए बदलावों के बाद, क्या आपकी मासिक आय में कोई वृद्धि हुई?	प्र.5 समूह (SVEP/OSF) रा लोन सूं कियोड़ा बदलाव पछै, कांई थारी महीनवारी कमाई बधी?		Antigravity	09/26/2026 13:00:00
RSN_FULL_01	Survey	ReasonsStartingBusiness	SectionC_Option, SubOption	EnumList	My family faced a financial setback, and I needed to earn	My family faced a financial setback, and I needed to earn	Dropdown Option		My family faced a financial setback, and I needed to earn							मेरे परिवार को वित्तीय संकट का सामना करना पड़ा, और मुझे कमाने की आवश्यकता थी	म्हारे परिवार माथे आर्थिक संकट आयो, अर मने कमावण री जरूरत पड़ी		Antigravity	09/26/2026 13:00:00
RSN_FULL_02	Survey	ReasonsStartingBusiness	SectionC_Option, SubOption	EnumList	Our expenses were rising, and my family needed an alternate source of income	Our expenses were rising, and my family needed an alternate source of income	Dropdown Option		Our expenses were rising, and my family needed an alternate source of income							हमारे खर्च बढ़ रहे थे, और मेरे परिवार को आय के एक वैकल्पिक स्रोत की आवश्यकता थी	म्हारा खर्चा बढ़ रह्या हा, अर म्हारे परिवार ने कमाई रा दूजे जरिये री जरूरत ही		Antigravity	09/26/2026 13:00:00
RSN_FULL_03	Survey	ReasonsStartingBusiness	SectionC_Option, SubOption	EnumList	I always wanted to own/run my own business	I always wanted to own/run my own business	Dropdown Option		I always wanted to own/run my own business							मैं हमेशा से अपना खुद का व्यवसाय शुरू/संचालित करना चाहती थी	म्हारी हमेशा सूं खुद रो धंधो करण री इच्छा ही		Antigravity	09/26/2026 13:00:00
RSN_FULL_04	Survey	ReasonsStartingBusiness	SectionC_Option, SubOption	EnumList	I learnt the skill and wanted to start my own venture.	I learnt the skill and wanted to start my own venture.	Dropdown Option		I learnt the skill and wanted to start my own venture.							मैंने हुनर सीखा और अपना खुद का व्यवसाय शुरू करना चाहती थी।	मैं हुनर सीख्यो अर खुद रो काम शुरू करणो चावती ही।		Antigravity	09/26/2026 13:00:00
RSN_FULL_05	Survey	ReasonsStartingBusiness	SectionC_Option, SubOption	EnumList	I was doing the same work as wage labour and later decided to start own venture	I was doing the same work as wage labour and later decided to start own venture	Dropdown Option		I was doing the same work as wage labour and later decided to start own venture							मैं वही काम मजदूरी के रूप में कर रही थी और बाद में अपना उद्यम शुरू करने का फैसला किया	मैं ओ ही काम मजूरी में करती ही अर पछै खुद रो काम शुरू कर दियो		Antigravity	09/26/2026 13:00:00
RSN_FULL_06	Survey	ReasonsStartingBusiness	SectionC_Option, SubOption	EnumList	All SHG members were getting loans for enterprise so I also decided to take and start enterprise	All SHG members were getting loans for enterprise so I also decided to take and start enterprise	Dropdown Option		All SHG members were getting loans for enterprise so I also decided to take and start enterprise							सभी एसएचजी सदस्यों को उद्यम के लिए ऋण मिल रहा था इसलिए मैंने भी ऋण लेने और उद्यम शुरू करने का निर्णय लिया	सगळी समूह री बायां ने लोन मिल रह्यो हो तो मैं भी लोन लेर धंधो शुरू कियो		Antigravity	09/26/2026 13:00:00
RSN_FULL_07	Survey	ReasonsStartingBusiness	SectionC_Option, SubOption	EnumList	The OSF/SVEP CRP encouraged me to start the enterprise	The OSF/SVEP CRP encouraged me to start the enterprise	Dropdown Option		The OSF/SVEP CRP encouraged me to start the enterprise							OSF/SVEP CRP ने मुझे उद्यम शुरू करने के लिए प्रोत्साहित किया	OSF/SVEP CRP मने उद्यम शुरू करण खातर हिंमत बंधाई		Antigravity	09/26/2026 13:00:00
RSN_FULL_08	Survey	ReasonsStartingBusiness	SectionC_Option, SubOption	EnumList	The CLF encouraged me to start the enterprise	The CLF encouraged me to start the enterprise	Dropdown Option		The CLF encouraged me to start the enterprise							CLF ने मुझे उद्यम शुरू करने के लिए प्रोत्साहित किया	CLF मने उद्यम शुरू करण खातर कह्यो		Antigravity	09/26/2026 13:00:00
RSN_FULL_09	Survey	ReasonsStartingBusiness	SectionC_Option, SubOption	EnumList	Any other (Specify)	Any other (Specify)	Dropdown Option		Any other (Specify)							अन्य कोई (विवरण दें)	दूजो कोई (बतावो)		Antigravity	09/26/2026 13:00:00
RSN_OTHER	Survey	ReasonStarting	SectionC_Option, SubOption	EnumList	Any other (Specify)	Any other (Specify)	Dropdown Option		Any other (Specify)							अन्य कोई (विवरण दें)	दूजो कोई (बतावो)		Antigravity	09/26/2026 13:00:00
