ID,Date,InvestigatorID,Latitude,Longitude,Status,Language,District,Block,VillageGP,RespondentName,RespondentPhone,SHGName,VOName,CLFName,SHGMembershipYears,LeadershipRole,LeadershipYears,RelatedToCRP,EPInterventionType,EnterpriseName,EnterpriseSetupYear,BusinessType,BusinessActivities,LoanReceivedYear,MaintainSeparateRecords,RegistrationsDocuments,RespondentAge,MaritalStatus,SocialCategory,EducationStatus,FamilyMemberCount,FamilyIncomeSources,AnnualHouseholdIncome,ReasonsStartingBusiness,BusinessCycle,BusinessPlaceType,MonthlyRent,LocationConvenience,Related_Q6_Labor,MarketingMethods,SeasonalSalesMethod,RecordKeepingHabit,RecordKeepingMethod,SHGAssociationAssistance,FundingExperience,FinancialHelpFromIncome,HusbandFamilyResponse,MaterialSourcingComfort,CustomerPaymentRecovery,CurrentChallenges,CompetitorAdvantages,FutureExpansionPlans,AspirationBottlenecks,FutureFundsRequired,AttendedTraining,TrainingDetails,UsedTrainingComponent,UsedTrainingDetails,MonthlyIncomeIncreaseByOSFSVEP,CRPContributions,ExpectationsFromScheme,SmartphoneOwnership,UseQRUPI,QRDailyTransactions,QRNonUseReason,SocialMediaForMarketing,SocialPlatformsUsed,SocialPlatformUsageMode,SocialMediaFrequency,OSFInterventionYear,BusinessOperationalStatus,ScalingDownClosingReasons,SupportNeededForSustenance,CreatedOn,CreatedBy,LastEditOn,LastEditBy,SurvayNo,Survey_Anul_Bill_Hired
KUM-1,28/09/2026,KUM,,,Working,,DIST_DAUSA,BLK_SIKANDRA,Brahaman bharada,Reena gurjar,7357297428,Balaji,Radha Rani,Prakash,5,OPT_YES,4,OPT_NO,INT_SVEP,Embroidery design work,6,BTY_SERVICING,ACT_TAILORING,4,OPT_NO,"DOC_PAN , DOC_AADHAR , DOC_UDYAM , DOC_CASTE , DOC_INCOME",,,,,,,,,,,,,,,,,,,,,,,,,,,,,,,,,,,,,,,,,,,,,,,,28/09/2026 15:48:25,,,,,
KAT-1,28/09/2026,KAT,"0.000000, 0.000000","0.000000, 0.000000",Working,,DIST_DAUSA,BLK_SIKANDRA,budli,anita gujar,8955231075,royal,radha rani,parkash,6,OPT_YES,7,OPT_NO,INT_SVEP,balaji,6,BTY_SERVICING,ACT_TRANSPORT,6,OPT_NO,"DOC_PAN , DOC_AADHAR , DOC_CASTE , DOC_INCOME",AGE_18_25,MAR_MARRIED,CST_OBC,EDU_12TH,5,"INC_DAIRY , INC_ANIMAL_PROD , INC_RESP_ENT",INC_80K_120K,"RSN_OWN_VENTURE , RSN_FROM_WAGE , RSN_ALL_SHG_LOAN , RSN_CLF_ENCOURAGED",CYC_REGULAR_HOURS,PLC_OWN,0,LOC_AFFORD_ONLY,,"MKT_SHOP_ONLY , MKT_NAME_BOARD , MKT_SHG_MEETINGS",SEL_NOT_REL,RKH_NOT_REGULAR,RKT_ONLY_DEBT,"SHG_BIZ_INFO , SHG_DOCS_HELP , SHG_SEED_LOAN , SHG_CRP_GUIDE , SHG_MUDRA_LOAN","FEX_SHG_SUFFICIENT , FEX_FAMILY_HELP","FHLP_NO_ASK_FAMILY , FHLP_CHILD_EDUCATION , FHLP_MARRIAGE_EXP , FHLP_OTHER","HRESP_NEED_HELP , HRESP_NO_SUPPORT",SRC_FAMILY_HANDLES,REC_EVENTUALLY_PAYS,"CH_TIMELY_FUNDS , CH_BIGGER_MARKET","ADV_BETTER_LOC , ADV_VARIETY , ADV_QUALITY , ADV_CREDIT","EXP_ATTRACTIVE_SHOP , EXP_OPEN_BRANCH , EXP_DIVERSIFY","BOT_CAPITAL , BOT_FAMILY_SUPPORT , BOT_HEALTH_PERSONAL",FND_3L_5L,OPT_NO,,,,INC_2K_4K,"CRP_BANK_LOAN , CRP_COMM_SKILLS","EXP_BIGGER_LOAN , EXP_CRP_GUIDANCE , EXP_BIGGER_MARKETS",PHN_OWN,OPT_YES,QR_5_10,,SMM_DONT_KNOW_USE,SMP_NONE,,,,,,,28/09/2026 16:01:16,,29/09/2026 11:27:01,KAT,1,Survey_001
SAH-2,28/09/2026,SAH,"0.000000, 0.000000","0.000000, 0.000000",Working,,DIST_DAUSA,BLK_SIKANDRA,Budali,Xys,8619223311,Balaji,Xyz,Xyz,2,OPT_YES,1,OPT_YES,INT_SVEP,Xyz,2,BTY_SERVICING,ACT_TAILORING,5,OPT_YES,DOC_UDYAM,,,,,,,,,,,,,,,,,,,,,,,,,,,,,,,,,,,,,,,,,,,,,,,,28/09/2026 16:37:00,SAH,28/09/2026 16:37:52,SAH,2,
KUM-2,28/09/2026,KUM,"26.899230, 76.330601","26.899230, 76.330601",Working,,DIST_DAUSA,BLK_SIKANDRA,Ramgarh,Rina Gurjar,7357297428,Radha,Radha Rani,Prakash,5,OPT_YES,3,OPT_NO,INT_SVEP,Embroidery design work,3,BTY_SERVICING,ACT_TAILORING,3,OPT_NO,"DOC_PAN , DOC_AADHAR , DOC_UDYAM , DOC_CASTE , DOC_INCOME",AGE_26_35,MAR_MARRIED,CST_OBC,EDU_10TH,5,"INC_AGRI , INC_SALARY , INC_SELF_EMP , INC_DAIRY",INC_520K-560K,"RSN_SETBACK , RSN_RISING_EXP , RSN_OWN_VENTURE , RSN_LEARNT_SKILL",CYC_REGULAR_HOURS,PLC_OWN,0,LOC_CONVENIENT,,MKT_SHOP_ONLY,"SEL_DOOR_TO_DOOR , SEL_PRIOR_ORDERS , SEL_LOCAL_HAAT , SEL_INSTAGRAM , SEL_WHATSAPP",RKH_NOT_REGULAR,RKT_NOT_REGULAR,"SHG_SKILL_TRAIN , SHG_BIZ_INFO , SHG_SEED_LOAN , SHG_CRP_GUIDE",FEX_SHG_SMALLER,"FHLP_NO_ASK_FAMILY , FHLP_BIGGEST_INCOME , FHLP_CHILD_EDUCATION , FHLP_MARRIAGE_EXP",HRESP_NO_SUPPORT,SRC_TRAVEL_ALONE,REC_NO_ISSUES,CH_TIMELY_FUNDS,"ADV_QUALITY , ADV_FAST_DELIVERY",EXP_BETTER_LOC,BOT_CAPITAL,FND_1L_3L,OPT_NO,,,,INC_18K_20K,"CRP_BIZ_PLAN , CRP_PROFIT_IDEAS , CRP_RECORDS , CRP_BANK_LOAN , CRP_COMM_SKILLS",EXP_BIGGER_LOAN,PHN_OWN,OPT_YES,QR_1_4,,SMM_WHATSAPP_ORDERS,SMP_WHATSAPP,"SMU_PRICE_ORDERS , SMU_SHARE_IMAGES , SMU_VENDOR_ENQUIRY , SMU_NEW_IDEAS",SMF_DAILY,,,,,28/09/2026 17:06:00,KUM,30/09/2026 20:02:21,KUM,2,Survey_001
VRI-1,28/09/2026,VRI,"26.899235, 76.330590","26.899235, 76.330590",Working,,DIST_DAUSA,BLK_SIKANDRA,Budali,Sharika gurjar,6350366020,Sant baba shg,Tulshi rajivika,Prakash,3,OPT_YES,3,OPT_NO,INT_SVEP,No name,6,BTY_MANUFACTURING,ACT_JUTEBAG,1,OPT_YES,"DOC_PAN , DOC_AADHAR , DOC_CASTE , DOC_INCOME",AGE_18_25,MAR_MARRIED,CST_OBC,EDU_12TH,7,"INC_AGRI , INC_ANIMAL_SALE , INC_ANIMAL_PROD , INC_FAMILY_ENT",INC_120K_160K,"RSN_RISING_EXP , RSN_OWN_VENTURE , RSN_LEARNT_SKILL",CYC_ON_ORDER_ONLY,PLC_OWN,0,LOC_HOME_CANT_MOVE,,MKT_SHG_MEETINGS,SEL_NOT_REL,RKH_FAMILY_MAINTAINS,RKT_FAMILY_BOOK,"SHG_SKILL_TRAIN , SHG_BIZ_INFO , SHG_SEED_LOAN , SHG_CRP_GUIDE , SHG_BANK_LOAN","FEX_PLOUGH_EARNINGS , FEX_FAMILY_HELP","FHLP_NO_ASK_FAMILY , FHLP_FAMILY_DEBTS","HRESP_NEED_HELP , HRESP_FINANCIAL , HRESP_FULL_SUPPORT",SRC_FAMILY_HANDLES,REC_NO_ISSUES,"CH_TIMELY_FUNDS , CH_BIGGER_MARKET , CH_SELLING_INVENTORY","ADV_QUALITY , ADV_FAST_DELIVERY , ADV_NONE","EXP_SAME_LOC_SCALE , EXP_DIVERSIFY","BOT_CAPITAL , BOT_MARKET_ACCESS , BOT_NOTHING_WORKING",FND_UPTO_1L,OPT_YES,Jut bag,OPT_YES,Bag babana,INC_UPTO_2K,CRP_BANK_LOAN,"EXP_BIGGER_LOAN , EXP_MUDRA_HELP , EXP_BIGGER_MARKETS",PHN_OWN,OPT_NO,,NOQR_DONT_KNOW_HOW,SMM_WHATSAPP_ORDERS,SMP_WHATSAPP,"SMU_SHARE_IMAGES , SMU_NEW_IDEAS",SMF_DAILY,,,,,28/09/2026 17:13:00,NOM,30/09/2026 19:15:00,VRI,1,Survey_001
KAT-2,29/09/2026,KAT,"0.000000, 0.000000","0.000000, 0.000000",Working,,DIST_DAUSA,BLK_SIKANDRA,budali,anita gujar,8955231075,royal,radha tani,pakash,5,OPT_YES,4,OPT_NO,INT_SVEP,balaji,5,BTY_SERVICING,ACT_TRANSPORT,5,OPT_NO,"DOC_PAN , DOC_AADHAR , DOC_UDYAM , DOC_CASTE , DOC_INCOME",AGE_26_35,MAR_MARRIED,CST_OBC,EDU_12TH,5,"INC_AGRI , INC_DAIRY , INC_FAMILY_ENT , INC_RESP_ENT",INC_80K_120K,"RSN_SETBACK , RSN_RISING_EXP , RSN_OWN_VENTURE , RSN_CLF_ENCOURAGED",CYC_WHENEVER_CUSTOMER,PLC_OWN,0,LOC_HOME_CANT_MOVE,,"MKT_NAME_BOARD , MKT_SHG_MEETINGS , MKT_DONT_KNOW_HOW",SEL_NOT_REL,RKH_ALWAYS_DONE,"RKT_ONLY_DEBT , RKT_NO_RECORD","SHG_SKILL_TRAIN , SHG_DOCS_HELP , SHG_SEED_LOAN , SHG_CRP_GUIDE","FEX_SHG_SUFFICIENT , FEX_PLOUGH_EARNINGS , FEX_SHG_SMALLER , FEX_FAMILY_HELP",,HRESP_NO_SUPPORT,SRC_CONTENT_NEARBY,REC_NO_ISSUES,"CH_TIMELY_FUNDS , CH_SELLING_INVENTORY , CH_SOCIAL_MEDIA_LEARN","ADV_BETTER_LOC , ADV_SHOP_VS_HOME , ADV_VARIETY","EXP_BETTER_LOC , EXP_SAME_LOC_SCALE , EXP_DIVERSIFY","BOT_CAPITAL , BOT_MARKET_ACCESS , BOT_SKILLS_TRAINING",FND_UPTO_1L,OPT_NO,,,,INC_2K_4K,"CRP_DOCS , CRP_BIZ_PLAN , CRP_PROFIT_IDEAS , CRP_MARKETING","EXP_BIGGER_LOAN , EXP_CRP_GUIDANCE , EXP_BIZ_TRAININGS",PHN_OWN,OPT_YES,QR_1_4,,SMM_WHATSAPP_ORDERS,SMP_WHATSAPP,SMU_SHARE_IMAGES,SMF_DAILY,,,,,29/09/2026 08:07:00,KAT,29/09/2026 16:29:55,KAT,2,Survey_001
VRI-2,29/09/2026,VRI,"26.924754, 76.595597","26.924754, 76.595597",Working,,DIST_DAUSA,BLK_SIKANDRA,Brahman bairada,Pinky kanwar,9785580615,Shree vinayak,Shree ganesh,Prakash,6,OPT_YES,6,OPT_NO,INT_SVEP,No neme,6,BTY_SERVICING,ACT_TAILORING,1,OPT_NO,"DOC_PAN , DOC_AADHAR , DOC_UDYAM , DOC_CASTE , DOC_INCOME",AGE_26_35,MAR_MARRIED,CST_GEN,EDU_10TH,5,"INC_AGRI , INC_SALARY , INC_WAGES , INC_RESP_ENT",INC_GT_640K,"RSN_RISING_EXP , RSN_LEARNT_SKILL",CYC_WHENEVER_CUSTOMER,PLC_OWN,0,LOC_HOME_CANT_MOVE,,"MKT_DOOR_TO_DOOR , MKT_TRADERS_SAMPLES",SEL_NOT_REL,RKH_NO_RECORD,,SHG_SEED_LOAN,FEX_SHG_SUFFICIENT,,HRESP_FULL_SUPPORT,SRC_TRAVEL_ALONE,REC_NO_ISSUES,CH_OTHER,"ADV_CREDIT , ADV_NONE",EXP_CANT_SAY,BOT_NOTHING_WORKING,FND_UPTO_1L,OPT_NO,,,,INC_2K_4K,CRP_COMPETITORS,EXP_OTHER,PHN_NO,OPT_YES,QR_1_4,,SMM_DONT_WANT,SMP_NONE,,,,,,,29/09/2026 11:30:00,VRI,29/09/2026 12:23:22,VRI,2,Survey_001
KAT-3,29/09/2026,KAT,"31.396627, 77.284068","31.396627, 77.284068",Working,,DIST_DAUSA,BLK_SIKANDRA,Brahman berada,pushpa bdhurv,9680464052,Shri Vinayak,Shri Ganesh,Prakash,4,OPT_YES,7,OPT_YES,INT_SVEP,Sanvariya Seth Rajputi poshak,5,BTY_SERVICING,ACT_TAILORING,5,OPT_NO,"DOC_AADHAR , DOC_CASTE , DOC_INCOME",AGE_26_35,MAR_MARRIED,CST_GEN,EDU_ILLITERATE,4,INC_RESP_ENT,INC_LT_80K,"RSN_SETBACK , RSN_RISING_EXP , RSN_OWN_VENTURE , RSN_LEARNT_SKILL , RSN_CLF_ENCOURAGED",CYC_REGULAR_HOURS,PLC_RENTED,14000,LOC_CONVENIENT,,"MKT_SHOP_ONLY , MKT_NAME_BOARD , MKT_SHG_MEETINGS , MKT_INSTA_WHATSAPP , MKT_WAIT_ENQUIRIES","SEL_PRIOR_ORDERS , SEL_INSTAGRAM , SEL_WHATSAPP , SEL_ONLINE_MEESHO , SEL_ONLINE_OTHER",RKH_ALWAYS_DONE,"RKT_RECEIPT_BILLS , RKT_DAILY_DIARY","SHG_SKILL_TRAIN , SHG_DOCS_HELP , SHG_CRP_GUIDE","FEX_SHG_SUFFICIENT , FEX_PLOUGH_EARNINGS",,"HRESP_NEED_HELP , HRESP_FINANCIAL , HRESP_FULL_SUPPORT",SRC_NEED_COMPANION,REC_NO_ISSUES,"CH_TIMELY_FUNDS , CH_SOCIAL_MEDIA_LEARN","ADV_BETTER_LOC , ADV_VARIETY , ADV_QUALITY , ADV_FAST_DELIVERY , ADV_SOCIAL_MEDIA","EXP_ATTRACTIVE_SHOP , EXP_OPEN_BRANCH , EXP_FORMALISE , EXP_ONLINE_MARKETS","BOT_CAPITAL , BOT_FAMILY_SUPPORT , BOT_NOTHING_WORKING",FND_1L_3L,OPT_NO,,,,INC_2K_4K,"CRP_DOCS , CRP_BANK_LOAN , CRP_MARKETING , CRP_INSTAGRAM","EXP_BIGGER_LOAN , EXP_CRP_GUIDANCE , EXP_ONLINE_PURCHASE , EXP_INSTA_HELP",PHN_OWN,OPT_YES,QR_10_20,,SMM_WHATSAPP_ORDERS,"SMP_WHATSAPP , SMP_INSTAGRAM","SMU_PRICE_ORDERS , SMU_SHARE_IMAGES , SMU_NEW_IDEAS",SMF_2_3_WEEK,,,,,29/09/2026 11:50:00,KAT,30/09/2026 15:39:47,NOM,3,Survey_001
KUM-3,29/09/2026,KUM,"26.927622, 76.601544","26.927622, 76.601544",Working,,DIST_DAUSA,BLK_SIKANDRA,Brahman bairada,Kamlesh kawar,7877228994,Sri Vinayak,Sri Ganesh,Prakash,5,OPT_NO,,OPT_NO,INT_SVEP,Tailoring,4,BTY_SERVICING,ACT_TAILORING,6,OPT_NO,"DOC_PAN , DOC_AADHAR , DOC_UDYAM , DOC_CASTE , DOC_INCOME",AGE_36_45,MAR_MARRIED,CST_GEN,EDU_8TH,5,"INC_AGRI , INC_SELF_EMP , INC_DAIRY , INC_RESP_ENT",INC_440K-480K,"RSN_RISING_EXP , RSN_OWN_VENTURE , RSN_LEARNT_SKILL , RSN_ALL_SHG_LOAN , RSN_CRP_ENCOURAGED",CYC_BOTH_ROUND_YEAR,PLC_OWN,0,LOC_AFFORD_ONLY,,"MKT_DOOR_TO_DOOR , MKT_SHG_MEETINGS , MKT_TRADERS_SAMPLES","SEL_DOOR_TO_DOOR , SEL_PRIOR_ORDERS",RKH_AFTER_CRP_TRAIN,RKT_DAILY_DIARY,"SHG_SKILL_TRAIN , SHG_BIZ_INFO , SHG_DOCS_HELP , SHG_SEED_LOAN",FEX_SHG_SMALLER,,HRESP_NO_SUPPORT,SRC_TRAVEL_ALONE,REC_NO_ISSUES,CH_TIMELY_FUNDS,"ADV_QUALITY , ADV_FAST_DELIVERY","EXP_BETTER_LOC , EXP_OPEN_BRANCH",BOT_CAPITAL,FND_1L_3L,OPT_NO,,,,INC_10K_12K,"CRP_BIZ_PLAN , CRP_PROFIT_IDEAS , CRP_RECORDS , CRP_BANK_LOAN , CRP_COMM_SKILLS , CRP_MARKETING",EXP_BIGGER_LOAN,PHN_OWN,OPT_NO,,NOQR_DONT_KNOW_HOW,SMM_DONT_WANT,SMP_WHATSAPP,SMU_PRICE_ORDERS,SMF_2_3_WEEK,,,,,29/09/2026 12:33:00,KUM,29/09/2026 15:03:49,KUM,3,Survey_001
VRI-3,29/09/2026,VRI,"26.925254, 76.597042","26.925254, 76.597042",Working,,DIST_DAUSA,BLK_SIKANDRA,Brahman bairada,Lata kanwar,9783940840,Shree vinayak,Shree ganesh,Prakash,6,OPT_NO,,OPT_NO,INT_SVEP,Singh kirana store,3,BTY_TRADING,ACT_GROCERY,1,OPT_YES,"DOC_PAN , DOC_AADHAR , DOC_UDYAM , DOC_CASTE , DOC_INCOME",AGE_36_45,MAR_MARRIED,CST_GEN,EDU_8TH,4,"INC_AGRI , INC_RESP_ENT",INC_160K_200K,"RSN_SETBACK , RSN_RISING_EXP , RSN_ALL_SHG_LOAN",CYC_REGULAR_HOURS,PLC_OWN,0,LOC_HOME_CANT_MOVE,,MKT_SHOP_ONLY,SEL_NOT_REL,RKH_NO_RECORD,,SHG_SEED_LOAN,"FEX_PLOUGH_EARNINGS , FEX_SHG_SMALLER",,"HRESP_FULL_SUPPORT , HRESP_NO_SUPPORT",SRC_FAMILY_HANDLES,REC_NO_ISSUES,"CH_TIMELY_FUNDS , CH_BIGGER_MARKET","ADV_SHOP_VS_HOME , ADV_VARIETY , ADV_CREDIT","EXP_ATTRACTIVE_SHOP , EXP_SAME_LOC_SCALE",BOT_NOTHING_WORKING,FND_UPTO_1L,OPT_NO,,,,INC_8K_10K,CRP_DOCS,"EXP_BIGGER_LOAN , EXP_MUDRA_HELP",PHN_FAMILY_ACCESS,OPT_NO,,NOQR_DONT_KNOW_HOW,SMM_OTHER,SMP_NONE,,,,,,,29/09/2026 14:05:00,VRI,29/09/2026 14:43:49,VRI,3,Survey_001
KUM-4,29/09/2026,KUM,"26.940580, 76.575396","26.940580, 76.575396",Working,,DIST_DAUSA,BLK_SIKANDRA,Bansara,Khelanta,7300391187,Shivshakti,Unnati,Prakash,5,OPT_YES,4,OPT_NO,INT_SVEP,Fruits shop,4,BTY_TRADING,ACT_VEG_FRUIT,4,OPT_NO,"DOC_PAN , DOC_AADHAR , DOC_UDYAM , DOC_CASTE",AGE_36_45,MAR_MARRIED,CST_OBC,EDU_10TH,4,"INC_AGRI , INC_SELF_EMP , INC_DAIRY , INC_FAMILY_ENT , INC_RESP_ENT",INC_360K_400K,"RSN_SETBACK , RSN_RISING_EXP , RSN_OWN_VENTURE",CYC_SEASONAL_ROUND,PLC_RENTED,9000,LOC_CONVENIENT,,"MKT_SHOP_ONLY , MKT_SHG_MEETINGS , MKT_WAIT_ENQUIRIES","SEL_LOCAL_HAAT , SEL_SARAS_FAIR , SEL_OTHER",RKH_NOT_REGULAR,RKT_NOT_REGULAR,"SHG_SKILL_TRAIN , SHG_BIZ_INFO , SHG_SEED_LOAN , SHG_REGULAR_LOAN","FEX_SHG_SMALLER , FEX_FAMILY_HELP",,"HRESP_FINANCIAL , HRESP_FULL_SUPPORT",SRC_FAMILY_HANDLES,REC_CASH_ONLY,"CH_TIMELY_FUNDS , CH_BIGGER_MARKET",ADV_BETTER_LOC,"EXP_ATTRACTIVE_SHOP , EXP_SAME_LOC_SCALE , EXP_DIVERSIFY , EXP_HIRE_HELP",BOT_CAPITAL,FND_1L_3L,OPT_NO,,,,INC_18K_20K,"CRP_BIZ_PLAN , CRP_PROFIT_IDEAS , CRP_RECORDS , CRP_BANK_LOAN , CRP_COMM_SKILLS",EXP_BIGGER_LOAN,PHN_OWN,OPT_YES,QR_10_20,,SMM_DONT_WANT,SMP_NONE,,,,,,,29/09/2026 15:34:00,KUM,29/09/2026 16:25:08,KUM,4,Survey_001
VRI-4,29/09/2026,VRI,"26.946910, 76.578262","26.946910, 76.578262",Working,,DIST_DAUSA,BLK_SIKANDRA,Bansda,Sushila devi,9694941712,Shiv shakti,Unnati,Prakash,6,OPT_NO,,OPT_NO,INT_SVEP,No neme,2,BTY_TRADING,ACT_GROCERY,1,OPT_NO,"DOC_PAN , DOC_AADHAR , DOC_UDYAM , DOC_CASTE , DOC_INCOME",AGE_36_45,MAR_MARRIED,CST_OBC,EDU_10TH,6,"INC_AGRI , INC_RESP_ENT",INC_200K_240K,RSN_RISING_EXP,CYC_REGULAR_HOURS,PLC_OWN,0,LOC_HOME_CANT_MOVE,,MKT_SHOP_ONLY,SEL_OTHER,RKH_NOT_REGULAR,RKT_FAMILY_BOOK,SHG_SEED_LOAN,FEX_SHG_SUFFICIENT,,HRESP_NO_SUPPORT,SRC_CONTENT_NEARBY,REC_NO_ISSUES,CH_TIMELY_FUNDS,ADV_SHOP_VS_HOME,EXP_SATISFIED_NO_EXP,"BOT_FAMILY_SUPPORT , BOT_NOTHING_WORKING",FND_UPTO_1L,OPT_NO,,,,INC_2K_4K,CRP_DOCS,"EXP_BIGGER_LOAN , EXP_MUDRA_HELP",PHN_FAMILY_ACCESS,OPT_NO,,NOQR_DONT_KNOW_HOW,SMM_NO_SMARTPHONE,SMP_NONE,,,,,,,29/09/2026 15:47:00,VRI,29/09/2026 16:25:05,VRI,4,Survey_001
KUM-5,29/09/2026,KUM,"26.947236, 76.577901","26.947236, 76.577901",Working,,DIST_DAUSA,BLK_SIKANDRA,Bansara,Narangi,6377968589,Bala Ji,Unnati,Prakash,3,OPT_YES,2,OPT_NO,INT_SVEP,Tailoring,4,BTY_SERVICING,ACT_TAILORING,2,OPT_NO,"DOC_PAN , DOC_AADHAR , DOC_CASTE",AGE_26_35,MAR_MARRIED,CST_OBC,EDU_GRADUATE,8,"INC_AGRI , INC_SELF_EMP , INC_DAIRY , INC_RESP_ENT",INC_360K_400K,"RSN_SETBACK , RSN_RISING_EXP , RSN_OWN_VENTURE , RSN_LEARNT_SKILL",CYC_WHENEVER_CUSTOMER,PLC_OWN,0,LOC_HOME_CANT_MOVE,,"MKT_SHOP_ONLY , MKT_TRADERS_SAMPLES , MKT_WAIT_ENQUIRIES",SEL_DOOR_TO_DOOR,RKH_NO_RECORD,,"SHG_BIZ_INFO , SHG_SEED_LOAN","FEX_PLOUGH_EARNINGS , FEX_SHG_SMALLER",,HRESP_LATER_SUPPORT,SRC_TRAVEL_ALONE,REC_NO_ISSUES,CH_BIGGER_MARKET,"ADV_QUALITY , ADV_FAST_DELIVERY",EXP_SAME_LOC_SCALE,BOT_CAPITAL,FND_UPTO_1L,OPT_NO,,,,INC_14K_16K,"CRP_PROFIT_IDEAS , CRP_RECORDS , CRP_COMM_SKILLS",EXP_BIZ_TRAININGS,PHN_FAMILY_ACCESS,OPT_NO,,NOQR_DONT_KNOW_HOW,SMM_DONT_WANT,SMP_NONE,,,,,,,29/09/2026 16:27:00,KUM,29/09/2026 16:59:15,KUM,5,Survey_001
KAT-4,30/09/2026,KAT,"0.000000, 0.000000","0.000000, 0.000000",Working,,DIST_DAUSA,BLK_SIKANDRA,Brahmanbura,Pushpa Devi,9680464052,shree vinayak,shree ganesh,parkash,5,OPT_YES,7,OPT_NO,INT_SVEP,", Shri sanvaliya Seth Rajputi poshak",2,BTY_SERVICING,ACT_TAILORING,2,OPT_NO,"DOC_AADHAR , DOC_CASTE , DOC_INCOME",AGE_26_35,MAR_MARRIED,CST_GEN,EDU_12TH,5,INC_RESP_ENT,INC_80K_120K,"RSN_SETBACK , RSN_RISING_EXP , RSN_OWN_VENTURE , RSN_ALL_SHG_LOAN , RSN_CRP_ENCOURAGED , RSN_CLF_ENCOURAGED",CYC_REGULAR_HOURS,PLC_OWN,0,LOC_CONVENIENT,,"MKT_SHOP_ONLY , MKT_SHG_MEETINGS","SEL_PRODUCE_WAIT_ORDERS , SEL_LOCAL_HAAT",RKH_NO_RECORD,,"SHG_BIZ_INFO , SHG_DOCS_HELP , SHG_SEED_LOAN , SHG_REGULAR_LOAN , SHG_CRP_GUIDE , SHG_MUDRA_LOAN , SHG_BANK_LOAN","FEX_SHG_SUFFICIENT , FEX_PLOUGH_EARNINGS , FEX_FAMILY_HELP",,"HRESP_NEED_HELP , HRESP_NO_SUPPORT",SRC_TRAVEL_ALONE,REC_NO_ISSUES,"CH_TIMELY_FUNDS , CH_OTHER","ADV_BETTER_LOC , ADV_VARIETY , ADV_QUALITY , ADV_FAST_DELIVERY","EXP_OPEN_BRANCH , EXP_SECOND_VENTURE","BOT_FAMILY_SUPPORT , BOT_MARKET_ACCESS",FND_UPTO_1L,OPT_NO,,,,INC_6K_8K,"CRP_BIZ_PLAN , CRP_PROFIT_IDEAS , CRP_BANK_LOAN , CRP_MARKETING , CRP_INSTAGRAM","EXP_BIGGER_LOAN , EXP_MUDRA_HELP , EXP_CRP_GUIDANCE , EXP_ONLINE_PURCHASE",PHN_NO,OPT_YES,QR_20_40,,SMM_WHATSAPP_ORDERS,SMP_NONE,,,,,,,30/09/2026 07:11:00,KAT,01/10/2026 15:54:41,KAT,4,Survey_001
KAT-5,30/09/2026,KAT,"0.000000, 0.000000","0.000000, 0.000000",Working,,DIST_DAUSA,BLK_SIKANDRA,barhan veragda,puspa devi,9680464052,shree vinayak,shree ganesh,prakash,6,OPT_YES,5,OPT_YES,INT_SVEP,shree savariya seth,2,BTY_SERVICING,ACT_TAILORING,2,OPT_NO,"DOC_PAN , DOC_AADHAR , DOC_CASTE , DOC_INCOME",AGE_26_35,MAR_MARRIED,CST_GEN,EDU_12TH,4,"INC_WAGES , INC_RESP_ENT",INC_80K_120K,"RSN_SETBACK , RSN_RISING_EXP , RSN_OWN_VENTURE , RSN_LEARNT_SKILL",CYC_REGULAR_HOURS,PLC_OWN,0,LOC_CHANGED_LOC,,"MKT_SHOP_ONLY , MKT_TRADERS_SAMPLES","SEL_PRODUCE_WAIT_ORDERS , SEL_LOCAL_HAAT",,,,,,,,,,,,,,,,,,,,,,,,,,,,,,,,,30/09/2026 07:24:00,KAT,01/10/2026 16:03:56,KAT,5,Survey_001
KAT-6,30/09/2026,KAT,"0.000000, 0.000000","0.000000, 0.000000",Working,,DIST_DAUSA,BLK_SIKANDRA,basda,manju devi,9257247540,shiv shakti,उन्नति,प्रकाश,5,OPT_YES,6,OPT_YES,INT_SVEP,दिल खुश,5,BTY_MANUFACTURING,ACT_FOOD_PROCESSING,5,OPT_NO,"DOC_PAN , DOC_AADHAR , DOC_UDYAM , DOC_SHOP_EST , DOC_FSSAI , DOC_CASTE , DOC_INCOME",AGE_36_45,MAR_MARRIED,CST_OBC,EDU_ILLITERATE,2,"INC_WAGES , INC_RESP_ENT",INC_80K_120K,"RSN_SETBACK , RSN_OWN_VENTURE , RSN_ALL_SHG_LOAN , RSN_CRP_ENCOURAGED , RSN_CLF_ENCOURAGED",CYC_REGULAR_HOURS,PLC_RENTED,8000,LOC_CONVENIENT,,"MKT_NAME_BOARD , MKT_SHG_MEETINGS , MKT_OTHER",SEL_LOCAL_HAAT,RKH_FAMILY_MAINTAINS,"RKT_ONLY_DEBT , RKT_NO_RECORD","SHG_BIZ_INFO , SHG_DOCS_HELP , SHG_SEED_LOAN , SHG_REGULAR_LOAN , SHG_CRP_GUIDE , SHG_MUDRA_LOAN , SHG_BANK_LOAN","FEX_PLOUGH_EARNINGS , FEX_SHG_SMALLER , FEX_FAMILY_HELP",,"HRESP_NEED_HELP , HRESP_FINANCIAL , HRESP_FULL_SUPPORT",SRC_NEED_COMPANION,REC_NO_ISSUES,"CH_TIMELY_FUNDS , CH_BIGGER_MARKET , CH_SOCIAL_MEDIA_LEARN","ADV_BETTER_LOC , ADV_VARIETY , ADV_QUALITY , ADV_CREDIT","EXP_DIVERSIFY , EXP_FORMALISE , EXP_HIRE_HELP","BOT_CAPITAL , BOT_SKILLS_TRAINING",FND_1L_3L,OPT_NO,,,,INC_8K_10K,"CRP_DOCS , CRP_BIZ_PLAN , CRP_BANK_LOAN , CRP_COMPETITORS","EXP_BIGGER_LOAN , EXP_MUDRA_HELP , EXP_BIGGER_MARKETS",PHN_OWN,OPT_YES,QR_10_20,,SMM_NO_SMARTPHONE,SMP_NONE,,,,,,,30/09/2026 07:33:00,KAT,30/09/2026 10:32:08,KAT,6,Survey_001
KUM-6,30/09/2026,KUM,"26.953599, 76.632788","26.953599, 76.632788",Working,,DIST_DAUSA,BLK_SIKANDRA,Maryada,Sunita Sharma,9875209360,Jovnir Mata,Sobhnath Rajivika,Prakash,5,OPT_YES,4,OPT_YES,INT_SVEP,General store,4,BTY_TRADING,ACT_GROCERY,4,OPT_YES,"DOC_PAN , DOC_AADHAR , DOC_CASTE",AGE_26_35,MAR_MARRIED,CST_GEN,EDU_12TH,4,"INC_SELF_EMP , INC_RESP_ENT",INC_360K_400K,"RSN_SETBACK , RSN_RISING_EXP , RSN_OWN_VENTURE",CYC_REGULAR_HOURS,PLC_OWN,0,LOC_CONVENIENT,,"MKT_SHG_MEETINGS , MKT_TRADERS_SAMPLES , MKT_INSTA_WHATSAPP , MKT_WAIT_ENQUIRIES","SEL_DOOR_TO_DOOR , SEL_PRIOR_ORDERS , SEL_SARAS_FAIR , SEL_WHATSAPP",RKH_NOT_REGULAR,RKT_NOT_REGULAR,"SHG_BIZ_INFO , SHG_SEED_LOAN","FEX_PLOUGH_EARNINGS , FEX_SHG_SMALLER",,HRESP_FINANCIAL,SRC_NEED_COMPANION,REC_NO_ISSUES,"CH_BIGGER_MARKET , CH_SELLING_INVENTORY , CH_SOCIAL_MEDIA_LEARN","ADV_SHOP_VS_HOME , ADV_QUALITY , ADV_FAST_DELIVERY","EXP_ATTRACTIVE_SHOP , EXP_SAME_LOC_SCALE , EXP_DIVERSIFY , EXP_ONLINE_MARKETS",BOT_CAPITAL,FND_UPTO_1L,OPT_NO,,,,INC_CANT_SAY,"CRP_BIZ_PLAN , CRP_PROFIT_IDEAS , CRP_RECORDS , CRP_COMM_SKILLS","EXP_BIGGER_LOAN , EXP_MUDRA_HELP",PHN_OWN,OPT_YES,QR_5_10,,SMM_WHATSAPP_ORDERS,SMP_WHATSAPP,"SMU_PRICE_ORDERS , SMU_VENDOR_ENQUIRY",SMF_2_3_WEEK,,,,,30/09/2026 10:23:00,KUM,30/09/2026 11:13:36,KUM,6,Survey_001
KAT-7,30/09/2026,KAT,"0.000000, 0.000000","0.000000, 0.000000",Working,,DIST_DAUSA,BLK_SIKANDRA,chovethdi,urmila devi,7976664628,jobner mata,somnaath,prakash,5,OPT_YES,6,OPT_YES,INT_SVEP,Pandit Ji,4,BTY_MANUFACTURING,ACT_FOOD_MAKING,5,OPT_YES,"DOC_PAN , DOC_AADHAR , DOC_UDYAM , DOC_INCOME",AGE_ABOVE_55,MAR_WIDOWED,CST_GEN,EDU_10TH,5,"INC_AGRI , INC_RESP_ENT",INC_160K_200K,"RSN_SETBACK , RSN_OWN_VENTURE , RSN_FROM_WAGE , RSN_CLF_ENCOURAGED",CYC_REGULAR_HOURS,PLC_OWN,4500,LOC_CONVENIENT,,"MKT_SHOP_ONLY , MKT_SHG_MEETINGS , MKT_TRADERS_SAMPLES",SEL_OTHER,RKH_ALWAYS_DONE,RKT_NO_RECORD,"SHG_BIZ_INFO , SHG_DOCS_HELP , SHG_SEED_LOAN , SHG_REGULAR_LOAN , SHG_MUDRA_LOAN , SHG_BANK_LOAN","FEX_SHG_SUFFICIENT , FEX_SHG_SMALLER , FEX_FAMILY_HELP , FEX_SHORT_REPAY",,"HRESP_NEED_HELP , HRESP_FULL_SUPPORT , HRESP_NO_SUPPORT",SRC_NEED_COMPANION,REC_NO_ISSUES,"CH_OSF_PHASED , CH_TIMELY_FUNDS , CH_BIGGER_MARKET , CH_OTHER","ADV_BETTER_LOC , ADV_VARIETY , ADV_QUALITY","EXP_ATTRACTIVE_SHOP , EXP_SAME_LOC_SCALE , EXP_DIVERSIFY , EXP_HIRE_HELP","BOT_CAPITAL , BOT_MARKET_ACCESS , BOT_HEALTH_PERSONAL",FND_1L_3L,OPT_NO,,OPT_NO,,INC_10K_12K,"CRP_DOCS , CRP_BIZ_PLAN , CRP_RECORDS","EXP_BIGGER_LOAN , EXP_CRP_GUIDANCE , EXP_OTHER",PHN_NO,OPT_YES,QR_20_40,,SMM_OTHER,SMP_NONE,,,4,BSTAT_INCREASED,,"SUP_OSF_LOAN , SUP_CRP_GUIDE",30/09/2026 10:33:00,KAT,30/09/2026 11:33:14,KAT,6,Survey_001
VRI-5,30/09/2026,VRI,"26.965186, 76.633149","26.965186, 76.633149",Working,,DIST_DAUSA,BLK_SIKANDRA,Sawans. Mariyada,Hina bairwa,9001933672,Jay mata di,Somnath,Prakash,4,OPT_YES,4,OPT_NO,INT_SVEP,Shree shyam ti store,2,BTY_MANUFACTURING,ACT_FOOD_MAKING,1,OPT_YES,"DOC_PAN , DOC_AADHAR , DOC_UDYAM , DOC_CASTE",AGE_26_35,MAR_MARRIED,CST_SC,EDU_GRADUATE,6,"INC_AGRI , INC_ANIMAL_PROD , INC_RESP_ENT , INC_MNREGA , INC_PENSION",INC_400K-440K,"RSN_SETBACK , RSN_RISING_EXP , RSN_OWN_VENTURE",CYC_REGULAR_HOURS,PLC_OWN,0,LOC_CONVENIENT,,MKT_SHOP_ONLY,SEL_NOT_REL,RKH_FAMILY_MAINTAINS,RKT_DAILY_DIARY,SHG_SKILL_TRAIN,"FEX_SHG_SUFFICIENT , FEX_PLOUGH_EARNINGS , FEX_SHG_SMALLER",,HRESP_NO_SUPPORT,SRC_CONTENT_NEARBY,REC_NO_ISSUES,CH_OTHER,"ADV_VARIETY , ADV_CREDIT","EXP_ATTRACTIVE_SHOP , EXP_SAME_LOC_SCALE",BOT_OTHER,FND_UPTO_1L,OPT_NO,,,,INC_10K_12K,CRP_DOCS,EXP_MUDRA_HELP,PHN_OWN,OPT_NO,,NOQR_DONT_KNOW_HOW,SMM_OTHER,SMP_NONE,,,,,,,30/09/2026 10:42:00,VRI,30/09/2026 11:22:35,VRI,5,Survey_001
KUM-7,30/09/2026,KUM,"26.953891, 76.632065","26.953891, 76.632065",Working,,DIST_DAUSA,BLK_SIKANDRA,Bawanpara,Geeta Devi,6377192670,Vaishno Mata,Sawariya Seth,Prakash,4,OPT_YES,3,OPT_NO,INT_SVEP,Taloring and cloth Shop,3,"BTY_SERVICING , BTY_MANUFACTURING",ACT_TAILORING,6,OPT_YES,"DOC_PAN , DOC_AADHAR , DOC_CASTE",AGE_36_45,MAR_MARRIED,CST_SC,EDU_12TH,4,"INC_AGRI , INC_SELF_EMP , INC_DAIRY , INC_RESP_ENT",INC_440K-480K,"RSN_SETBACK , RSN_RISING_EXP , RSN_OWN_VENTURE , RSN_LEARNT_SKILL",CYC_REGULAR_HOURS,PLC_RENTED,4000,LOC_CHANGED_LOC,,"MKT_SHOP_ONLY , MKT_SHG_MEETINGS , MKT_TRADERS_SAMPLES , MKT_INSTA_WHATSAPP","SEL_DOOR_TO_DOOR , SEL_WHATSAPP",RKH_NOT_REGULAR,RKT_PURCHASE_SALE_REG,"SHG_BIZ_INFO , SHG_DOCS_HELP , SHG_SEED_LOAN","FEX_PLOUGH_EARNINGS , FEX_SHG_SMALLER",,"HRESP_LATER_SUPPORT , HRESP_FINANCIAL",SRC_TRAVEL_ALONE,REC_NO_ISSUES,CH_TIMELY_FUNDS,ADV_BETTER_LOC,"EXP_ATTRACTIVE_SHOP , EXP_SAME_LOC_SCALE",BOT_CAPITAL,FND_UPTO_1L,OPT_NO,,,,INC_18K_20K,"CRP_BIZ_PLAN , CRP_PROFIT_IDEAS , CRP_RECORDS , CRP_COMM_SKILLS","EXP_BIGGER_LOAN , EXP_BIGGER_MARKETS",PHN_OWN,OPT_YES,QR_10_20,,SMM_WHATSAPP_ORDERS,SMP_WHATSAPP,SMU_PRICE_ORDERS,SMF_DAILY,,,,,30/09/2026 11:15:00,KUM,30/09/2026 11:51:17,KUM,7,Survey_001
VRI-6,30/09/2026,VRI,"26.899241, 76.330596","26.899241, 76.330596",Working,,DIST_DAUSA,BLK_SIKANDRA,Sawans,Urmila devi,9571983017,Jobner mata,Somnath,Prakash,5,OPT_YES,5,OPT_NO,INT_SVEP,No name,2,BTY_SERVICING,ACT_TAILORING,1,OPT_NO,"DOC_PAN , DOC_AADHAR , DOC_CASTE , DOC_INCOME",AGE_26_35,MAR_MARRIED,CST_OBC,EDU_10TH,6,"INC_AGRI , INC_ANIMAL_PROD , INC_FAMILY_ENT , INC_RESP_ENT , INC_MNREGA",INC_360K_400K,"RSN_RISING_EXP , RSN_OWN_VENTURE",CYC_WHENEVER_CUSTOMER,PLC_OWN,0,LOC_HOME_CANT_MOVE,,MKT_SHOP_ONLY,SEL_NOT_REL,RKH_NO_RECORD,,SHG_SEED_LOAN,FEX_SHG_SUFFICIENT,,HRESP_NO_SUPPORT,SRC_CONTENT_NEARBY,REC_NO_ISSUES,CH_OTHER,ADV_FAST_DELIVERY,EXP_CANT_SAY,BOT_NOTHING_WORKING,FND_UPTO_1L,OPT_NO,,,,INC_8K_10K,CRP_DOCS,EXP_OTHER,PHN_FAMILY_ACCESS,OPT_NO,,NOQR_DONT_KNOW_HOW,SMM_NO_TIME_LEARN,SMP_NONE,,,,,,,30/09/2026 11:43:00,VRI,30/09/2026 19:22:48,VRI,6,Survey_001
KUM-8,30/09/2026,KUM,"0.000000, 0.000000","0.000000, 0.000000",Working,,DIST_DAUSA,BLK_SIKANDRA,Maryada,Dhanvai bairva,9602915066,Laxmi bai,Somnath,Prakash,3,OPT_YES,2,OPT_NO,INT_SVEP,Tailoring,2,BTY_SERVICING,ACT_TAILORING,5,OPT_YES,"DOC_PAN , DOC_AADHAR , DOC_CASTE",AGE_26_35,MAR_MARRIED,CST_SC,EDU_10TH,5,"INC_SALARY , INC_RESP_ENT",INC_440K-480K,"RSN_SETBACK , RSN_RISING_EXP , RSN_OWN_VENTURE , RSN_LEARNT_SKILL",CYC_REGULAR_HOURS,PLC_OWN,0,LOC_CONVENIENT,,"MKT_DOOR_TO_DOOR , MKT_SHG_MEETINGS , MKT_TRADERS_SAMPLES","SEL_DOOR_TO_DOOR , SEL_PRIOR_ORDERS , SEL_LOCAL_HAAT , SEL_SARAS_FAIR",RKH_NOT_REGULAR,RKT_NOT_REGULAR,"SHG_SKILL_TRAIN , SHG_BIZ_INFO , SHG_DOCS_HELP , SHG_SEED_LOAN",FEX_SHG_SMALLER,,HRESP_LATER_SUPPORT,SRC_TRAVEL_ALONE,REC_NO_ISSUES,CH_TIMELY_FUNDS,"ADV_QUALITY , ADV_FAST_DELIVERY","EXP_SAME_LOC_SCALE , EXP_DIVERSIFY",BOT_CAPITAL,FND_UPTO_1L,OPT_NO,,,,INC_16K_18K,"CRP_BIZ_PLAN , CRP_PROFIT_IDEAS , CRP_RECORDS , CRP_COMM_SKILLS",EXP_BIGGER_LOAN,PHN_NO,OPT_NO,,NOQR_DONT_KNOW_HOW,SMM_DONT_WANT,SMP_NONE,,,,,,,30/09/2026 11:53:00,KUM,30/09/2026 14:26:51,HRD,8,Survey_001
KUM-9,30/09/2026,KUM,"26.962968, 76.578165","26.962968, 76.578165",Working,,DIST_DAUSA,BLK_SIKANDRA,Sikandra,Monika,9414860987,Saraswal,Vaishno Devi,Prakash,4,OPT_YES,3,OPT_YES,INT_SVEP,Mala guhai,6,BTY_SERVICING,ACT_BEAUTY_PARLOUR,6,OPT_NO,"DOC_PAN , DOC_AADHAR , DOC_CASTE",AGE_36_45,MAR_MARRIED,CST_SC,EDU_10TH,4,"INC_SELF_EMP , INC_RESP_ENT",INC_360K_400K,"RSN_SETBACK , RSN_RISING_EXP",CYC_REGULAR_HOURS,PLC_OWN,0,LOC_CONVENIENT,,"MKT_SHOP_ONLY , MKT_DOOR_TO_DOOR , MKT_SHG_MEETINGS , MKT_TRADERS_SAMPLES","SEL_PRODUCE_WAIT_ORDERS , SEL_DOOR_TO_DOOR , SEL_PRIOR_ORDERS",RKH_NOT_REGULAR,RKT_NOT_REGULAR,"SHG_BIZ_INFO , SHG_DOCS_HELP , SHG_SEED_LOAN","FEX_PLOUGH_EARNINGS , FEX_SHG_SMALLER",,HRESP_FINANCIAL,SRC_NEED_COMPANION,REC_NO_ISSUES,"CH_TIMELY_FUNDS , CH_BIGGER_MARKET","ADV_QUALITY , ADV_FAST_DELIVERY","EXP_ATTRACTIVE_SHOP , EXP_SAME_LOC_SCALE , EXP_OPEN_BRANCH",BOT_CAPITAL,FND_UPTO_1L,OPT_NO,,,,INC_18K_20K,"CRP_DOCS , CRP_BIZ_PLAN , CRP_PROFIT_IDEAS , CRP_RECORDS , CRP_COMM_SKILLS",EXP_BIGGER_LOAN,PHN_NO,OPT_NO,,NOQR_FEW_CUSTOMERS,SMM_DONT_WANT,SMP_NONE,,,,,,,30/09/2026 13:04:00,KUM,30/09/2026 13:42:55,KUM,9,Survey_001
VRI-7,30/09/2026,VRI,"26.899224, 76.330589","26.899224, 76.330589",Working,,DIST_DAUSA,BLK_SIKANDRA,Sikandra,Raisha,8058115004,Nafisha,Vaishnav devi,Prakash,2,OPT_NO,,OPT_NO,INT_SVEP,No name,3,BTY_MANUFACTURING,ACT_HANDICRAFT,3,OPT_YES,"DOC_PAN , DOC_AADHAR , DOC_UDYAM , DOC_CASTE , DOC_INCOME",AGE_46_55,MAR_MARRIED,CST_OBC,EDU_5TH,11,"INC_FAMILY_ENT , INC_RESP_ENT",INC_320K_360K,"RSN_SETBACK , RSN_RISING_EXP , RSN_OWN_VENTURE",CYC_REGULAR_HOURS,PLC_RENTED,1000,LOC_CONVENIENT,,"MKT_DOOR_TO_DOOR , MKT_TRADERS_SAMPLES","SEL_PRODUCE_WAIT_ORDERS , SEL_PRIOR_ORDERS",RKH_FAMILY_MAINTAINS,"RKT_PURCHASE_SALE_REG , RKT_DAILY_DIARY , RKT_FAMILY_BOOK","SHG_BIZ_INFO , SHG_SEED_LOAN","FEX_SHG_SUFFICIENT , FEX_PLOUGH_EARNINGS",,HRESP_FULL_SUPPORT,SRC_FAMILY_HANDLES,REC_NO_ISSUES,CH_BIGGER_MARKET,"ADV_BETTER_LOC , ADV_SHOP_VS_HOME","EXP_ATTRACTIVE_SHOP , EXP_SAME_LOC_SCALE",BOT_NOTHING_WORKING,FND_UPTO_1L,OPT_NO,,,,INC_18K_20K,CRP_DOCS,"EXP_BIGGER_LOAN , EXP_MUDRA_HELP",PHN_NO,OPT_NO,,NOQR_NOT_APPLICABLE,SMM_NO_TIME_LEARN,SMP_NONE,,,,,,,30/09/2026 13:19:00,VRI,30/09/2026 19:35:59,VRI,7,Survey_001
KUM-10,30/09/2026,KUM,"26.963048, 76.577474","26.963048, 76.577474",Working,,DIST_DAUSA,BLK_SIKANDRA,Sikandra,Kamlesh Sharma,7740974458,Nafisa,Vaishno Devi,Prakash,2,OPT_NO,,OPT_NO,INT_SVEP,Vegetable shop,4,BTY_TRADING,ACT_VEG_FRUIT,1,OPT_NO,"DOC_PAN , DOC_AADHAR , DOC_CASTE",AGE_46_55,MAR_MARRIED,CST_GEN,EDU_5TH,5,"INC_WAGES , INC_RESP_ENT",INC_280K_320K,RSN_SETBACK,CYC_REGULAR_HOURS,PLC_RENTED,2000,LOC_CONVENIENT,,"MKT_SHOP_ONLY , MKT_SHG_MEETINGS , MKT_WAIT_ENQUIRIES","SEL_DOOR_TO_DOOR , SEL_LOCAL_HAAT",RKH_NO_RECORD,,"SHG_SKILL_TRAIN , SHG_BIZ_INFO , SHG_DOCS_HELP , SHG_SEED_LOAN",FEX_PLOUGH_EARNINGS,,HRESP_LATER_SUPPORT,SRC_NEED_COMPANION,REC_EVENTUALLY_PAYS,CH_BIGGER_MARKET,ADV_QUALITY,"EXP_BETTER_LOC , EXP_SAME_LOC_SCALE",BOT_CAPITAL,FND_UPTO_1L,OPT_NO,,,,INC_10K_12K,"CRP_BIZ_PLAN , CRP_PROFIT_IDEAS , CRP_RECORDS",EXP_BIGGER_MARKETS,PHN_NO,OPT_YES,QR_5_10,,SMM_DONT_WANT,SMP_NONE,,,3,BSTAT_INCREASED,,SUP_OTHER,30/09/2026 13:55:00,KUM,30/09/2026 14:51:55,KUM,10,Survey_001
KAT-8,30/09/2026,KAT,"0.000000, 0.000000","0.000000, 0.000000",Working,,DIST_DAUSA,BLK_SIKANDRA,basda,Anguri Devi,7976593584,Shiv Shakti,Unnati,Prakash,5,OPT_NO,,OPT_NO,INT_SVEP,no name,5,BTY_MANUFACTURING,ACT_FOOD_PROCESSING,5,OPT_NO,"DOC_PAN , DOC_AADHAR , DOC_UDYAM , DOC_CASTE , DOC_INCOME",AGE_26_35,MAR_WIDOWED,CST_OBC,EDU_ILLITERATE,4,"INC_WAGES , INC_RESP_ENT",INC_80K_120K,"RSN_SETBACK , RSN_RISING_EXP , RSN_OWN_VENTURE , RSN_ALL_SHG_LOAN , RSN_CLF_ENCOURAGED , RSN_OTHER",CYC_BOTH_ROUND_YEAR,PLC_OWN,0,LOC_CONVENIENT,,"MKT_SHOP_ONLY , MKT_WAIT_ENQUIRIES","SEL_PRODUCE_WAIT_ORDERS , SEL_LOCAL_HAAT",RKH_NO_RECORD,,"SHG_SKILL_TRAIN , SHG_BIZ_INFO , SHG_CRP_GUIDE , SHG_MUDRA_LOAN , SHG_BANK_LOAN","FEX_SHG_SUFFICIENT , FEX_PLOUGH_EARNINGS , FEX_SHG_SMALLER",,HRESP_LATER_SUPPORT,SRC_NEED_COMPANION,REC_EVENTUALLY_PAYS,"CH_TIMELY_FUNDS , CH_BIGGER_MARKET , CH_SELLING_INVENTORY , CH_OTHER","ADV_BETTER_LOC , ADV_SHOP_VS_HOME , ADV_VARIETY , ADV_QUALITY , ADV_CREDIT","EXP_ATTRACTIVE_SHOP , EXP_SAME_LOC_SCALE , EXP_FORMALISE , EXP_HIRE_HELP","BOT_CAPITAL , BOT_MARKET_ACCESS , BOT_NOTHING_WORKING",FND_UPTO_1L,OPT_NO,,,,INC_6K_8K,"CRP_DOCS , CRP_PROFIT_IDEAS , CRP_COMM_SKILLS , CRP_COMPETITORS","EXP_CRP_GUIDANCE , EXP_OTHER",PHN_OWN,OPT_YES,QR_5_10,,SMM_OTHER,"SMP_WHATSAPP , SMP_NONE",,,,,,,30/09/2026 19:52:00,KAT,01/10/2026 09:57:26,KAT,8,Survey_001
VRI-8,01/10/2026,VRI,"26.825225, 76.509465","26.825225, 76.509465",Working,,DIST_DAUSA,BLK_SIKANDRA,Ranoli,Sunita vairwa,8824828908,Jay paplaj mata,Ekta,Nirmal,6,OPT_YES,7,OPT_YES,INT_SVEP,Sunita ata chakki,1,BTY_SERVICING,ACT_FLOUR_MILL,1,OPT_YES,"DOC_PAN , DOC_AADHAR , DOC_UDYAM",AGE_36_45,MAR_MARRIED,CST_SC,EDU_8TH,4,"INC_AGRI , INC_WAGES , INC_RESP_ENT",INC_240K_280K,"RSN_RISING_EXP , RSN_OWN_VENTURE , RSN_FROM_WAGE",CYC_WHENEVER_CUSTOMER,PLC_OWN,0,LOC_CONVENIENT,,MKT_SHOP_ONLY,SEL_NOT_REL,RKH_FAMILY_MAINTAINS,RKT_FAMILY_BOOK,SHG_SEED_LOAN,FEX_SHG_SUFFICIENT,,HRESP_NO_SUPPORT,SRC_FAMILY_HANDLES,REC_NO_ISSUES,CH_OTHER,ADV_BETTER_LOC,EXP_CANT_SAY,BOT_NOTHING_WORKING,FND_UPTO_1L,OPT_NO,,,,INC_4K_6K,CRP_DOCS,EXP_OTHER,PHN_FAMILY_ACCESS,OPT_NO,,NOQR_DONT_KNOW_HOW,SMM_DONT_WANT,SMP_NONE,,,,,,,01/10/2026 10:54:00,VRI,01/10/2026 13:14:59,VRI,8,Survey_001
KAT-9,01/10/2026,KAT,"0.000000, 0.000000","0.000000, 0.000000",Working,,DIST_DAUSA,BLK_SIKANDRA,ranoli,susila devi,9694876338,paplaj mata,ऐकता,निरमल,6,OPT_YES,7,OPT_NO,INT_SVEP,लक्की,5,BTY_TRADING,ACT_FANCY_STORE,2,OPT_YES,"DOC_PAN , DOC_AADHAR , DOC_UDYAM , DOC_CASTE , DOC_INCOME",AGE_26_35,MAR_MARRIED,CST_SC,EDU_5TH,6,"INC_WAGES , INC_RESP_ENT",INC_80K_120K,"RSN_SETBACK , RSN_RISING_EXP , RSN_OWN_VENTURE , RSN_CRP_ENCOURAGED , RSN_CLF_ENCOURAGED",CYC_REGULAR_HOURS,PLC_RENTED,4000,LOC_CONVENIENT,,"MKT_SHOP_ONLY , MKT_NAME_BOARD , MKT_SHG_MEETINGS","SEL_PRODUCE_WAIT_ORDERS , SEL_LOCAL_HAAT , SEL_SARAS_FAIR",RKH_ALWAYS_DONE,"RKT_RECEIPT_BILLS , RKT_PURCHASE_SALE_REG , RKT_ONLY_DEBT , RKT_FAMILY_BOOK","SHG_SKILL_TRAIN , SHG_BIZ_INFO , SHG_DOCS_HELP , SHG_CRP_GUIDE","FEX_SHG_SUFFICIENT , FEX_PLOUGH_EARNINGS",,"HRESP_NEED_HELP , HRESP_FINANCIAL , HRESP_FULL_SUPPORT",SRC_FAMILY_HANDLES,REC_NO_ISSUES,"CH_TIMELY_FUNDS , CH_BIGGER_MARKET","ADV_BETTER_LOC , ADV_VARIETY , ADV_DISCOUNTS , ADV_FAST_DELIVERY","EXP_ATTRACTIVE_SHOP , EXP_SAME_LOC_SCALE , EXP_DIVERSIFY","BOT_CAPITAL , BOT_NOTHING_WORKING",FND_1L_3L,OPT_NO,,,,INC_16K_18K,"CRP_DOCS , CRP_PROFIT_IDEAS , CRP_BANK_LOAN , CRP_COMM_SKILLS , CRP_INSTAGRAM","EXP_BIGGER_LOAN , EXP_CRP_GUIDANCE , EXP_BIGGER_MARKETS , EXP_INSTA_HELP , EXP_OTHER",PHN_OWN,OPT_YES,QR_5_10,,SMM_OTHER,SMP_NONE,,,,,,,01/10/2026 10:53:00,KAT,01/10/2026 13:40:23,KAT,9,Survey_001
KUM-11,01/10/2026,KUM,"26.796251, 76.524797","26.796251, 76.524797",Working,,DIST_DAUSA,BLK_SIKANDRA,Ranoli,Lalita,8209989674,Narayanani Mata,Ekta,Nirmal,5,OPT_YES,5,OPT_NO,INT_SVEP,Tailoring and lanhanga and cloth Shop,5,"BTY_TRADING , BTY_SERVICING","ACT_APPAREL , ACT_TAILORING",2,OPT_YES,"DOC_PAN , DOC_AADHAR , DOC_UDYAM , DOC_CASTE",AGE_26_35,MAR_MARRIED,CST_OBC,EDU_12TH,4,"INC_WAGES , INC_RESP_ENT",INC_320K_360K,"RSN_SETBACK , RSN_RISING_EXP",CYC_REGULAR_HOURS,PLC_OWN,0,LOC_HOME_CANT_MOVE,,"MKT_SHG_MEETINGS , MKT_TRADERS_SAMPLES , MKT_WAIT_ENQUIRIES","SEL_PRODUCE_WAIT_ORDERS , SEL_PRIOR_ORDERS",RKH_NOT_REGULAR,RKT_DAILY_DIARY,"SHG_SKILL_TRAIN , SHG_BIZ_INFO , SHG_SEED_LOAN , SHG_CRP_GUIDE","FEX_PLOUGH_EARNINGS , FEX_SHG_SMALLER",,HRESP_NO_SUPPORT,SRC_TRAVEL_ALONE,REC_EVENTUALLY_PAYS,"CH_TIMELY_FUNDS , CH_BIGGER_MARKET , CH_SELLING_INVENTORY","ADV_QUALITY , ADV_CREDIT , ADV_FAST_DELIVERY","EXP_SAME_LOC_SCALE , EXP_DIVERSIFY , EXP_ONLINE_MARKETS",BOT_CAPITAL,FND_UPTO_1L,OPT_NO,,,,INC_16K_18K,"CRP_BIZ_PLAN , CRP_PROFIT_IDEAS , CRP_RECORDS , CRP_COMM_SKILLS","EXP_BIGGER_MARKETS , EXP_INSTA_HELP , EXP_BIZ_TRAININGS",PHN_OWN,OPT_YES,QR_1_4,,SMM_DONT_WANT,SMP_NONE,,,,,,,01/10/2026 10:53:00,KUM,01/10/2026 11:45:23,KUM,11,Survey_001
VRI-9,01/10/2026,VRI,"26.796938, 76.524436","26.796938, 76.524436",Working,,DIST_DAUSA,BLK_SIKANDRA,Ranoli,Chameli bairwa,9352757419,Jay paplaj mata,Ekta,Nirmal,6,OPT_NO,,OPT_NO,INT_SVEP,Chameli aata chakki,1,BTY_SERVICING,ACT_FLOUR_MILL,1,OPT_NO,"DOC_PAN , DOC_AADHAR , DOC_UDYAM",AGE_46_55,MAR_MARRIED,CST_SC,EDU_ILLITERATE_CALC,4,"INC_AGRI , INC_SALARY , INC_RESP_ENT",INC_320K_360K,"RSN_RISING_EXP , RSN_OWN_VENTURE , RSN_FROM_WAGE",CYC_WHENEVER_CUSTOMER,PLC_OWN,0,LOC_HOME_CANT_MOVE,,MKT_SHOP_ONLY,SEL_NOT_REL,RKH_FAMILY_MAINTAINS,RKT_DAILY_DIARY,SHG_DOCS_HELP,"FEX_PLOUGH_EARNINGS , FEX_EASY_MONEYLENDER",,HRESP_NO_SUPPORT,SRC_TRAVEL_ALONE,REC_NO_ISSUES,CH_OSF_PHASED,"ADV_BETTER_LOC , ADV_SHOP_VS_HOME",EXP_SAME_LOC_SCALE,BOT_CAPITAL,FND_UPTO_1L,OPT_NO,,,,INC_8K_10K,"CRP_SUBSIDY , CRP_DOCS","EXP_BIGGER_LOAN , EXP_MUDRA_HELP , EXP_CRP_GUIDANCE",PHN_FAMILY_ACCESS,OPT_NO,,NOQR_DONT_KNOW_HOW,SMM_DONT_WANT,SMP_NONE,,,,,,,01/10/2026 11:11:00,VRI,01/10/2026 12:28:30,VRI,9,Survey_001
VRI-10,01/10/2026,VRI,"26.796647, 76.525159","26.796647, 76.525159",Working,,DIST_DAUSA,BLK_SIKANDRA,Ranoli,Vimla mina,8003949235,Jay paplaj mata,Ekta,Nirmal,6,OPT_NO,,OPT_NO,INT_SVEP,Vimla kirana store,5,BTY_TRADING,ACT_GROCERY,5,OPT_YES,"DOC_PAN , DOC_AADHAR , DOC_UDYAM , DOC_CASTE , DOC_INCOME",AGE_26_35,MAR_MARRIED,CST_ST,EDU_5TH,4,"INC_AGRI , INC_WAGES , INC_ANIMAL_PROD , INC_RESP_ENT",INC_320K_360K,"RSN_RISING_EXP , RSN_OWN_VENTURE , RSN_FROM_WAGE",CYC_REGULAR_HOURS,PLC_RENTED,6000,LOC_CHANGED_LOC,,"MKT_SHOP_ONLY , MKT_NAME_BOARD",SEL_NOT_REL,RKH_FAMILY_MAINTAINS,RKT_NOT_REGULAR,"SHG_DOCS_HELP , SHG_SEED_LOAN","FEX_SHG_SUFFICIENT , FEX_HIGH_INTEREST , FEX_SHORT_REPAY",,HRESP_NO_SUPPORT,SRC_FAMILY_HANDLES,REC_NO_ISSUES,CH_TIMELY_FUNDS,ADV_BETTER_LOC,EXP_SAME_LOC_SCALE,"BOT_CAPITAL , BOT_FAMILY_SUPPORT",FND_UPTO_1L,OPT_NO,,,,INC_18K_20K,CRP_DOCS,EXP_BIGGER_LOAN,PHN_FAMILY_ACCESS,OPT_NO,,NOQR_NO_PHONE,SMM_OTHER,SMP_NONE,,,,,,,01/10/2026 11:30:00,VRI,01/10/2026 12:22:27,VRI,10,Survey_001
KUM-12,01/10/2026,KUM,"26.796923, 76.525511","26.796923, 76.525511",Working,,DIST_DAUSA,BLK_SIKANDRA,Ranoli,Jagni Devi,9950540538,Jobner Mata,Ekta,Nirmal,6,OPT_YES,6,OPT_NO,INT_SVEP,Clay pot,5,BTY_MANUFACTURING,ACT_HANDICRAFT,2,OPT_NO,"DOC_PAN , DOC_AADHAR , DOC_UDYAM , DOC_CASTE",AGE_36_45,MAR_MARRIED,CST_OBC,EDU_5TH,6,"INC_AGRI , INC_SALARY , INC_DAIRY , INC_FAMILY_ENT , INC_RESP_ENT",INC_520K-560K,"RSN_SETBACK , RSN_RISING_EXP , RSN_OWN_VENTURE , RSN_LEARNT_SKILL",CYC_REGULAR_HOURS,PLC_OWN,0,LOC_CONVENIENT,,"MKT_DOOR_TO_DOOR , MKT_SHG_MEETINGS , MKT_TRADERS_SAMPLES","SEL_DOOR_TO_DOOR , SEL_PRIOR_ORDERS , SEL_LOCAL_HAAT",RKH_NOT_REGULAR,RKT_NOT_REGULAR,"SHG_BIZ_INFO , SHG_SEED_LOAN","FEX_PLOUGH_EARNINGS , FEX_SHG_SMALLER",,HRESP_LATER_SUPPORT,SRC_NEED_COMPANION,REC_CASH_ONLY,CH_TIMELY_FUNDS,ADV_BETTER_LOC,"EXP_SAME_LOC_SCALE , EXP_DIVERSIFY",BOT_CAPITAL,FND_UPTO_1L,OPT_NO,,,,INC_18K_20K,"CRP_BIZ_PLAN , CRP_PROFIT_IDEAS , CRP_COMM_SKILLS",EXP_BIGGER_LOAN,PHN_NO,OPT_NO,,NOQR_DONT_KNOW_HOW,SMM_DONT_WANT,SMP_NONE,,,,,,,01/10/2026 11:50:00,KUM,01/10/2026 12:34:03,KUM,12,Survey_001
KAT-10,01/10/2026,KAT,"0.000000, 0.000000","0.000000, 0.000000",Working,,DIST_DAUSA,BLK_SIKANDRA,ranli,rambai,9694871247,jay piplaj mata,ekta,nirmla,4,OPT_YES,6,OPT_NO,INT_DONT_KNOW,mahima sweetest,5,BTY_MANUFACTURING,ACT_FOOD_MAKING,4,OPT_YES,"DOC_PAN , DOC_AADHAR , DOC_CASTE , DOC_INCOME",AGE_26_35,MAR_MARRIED,CST_SC,EDU_ILLITERATE,7,"INC_WAGES , INC_RESP_ENT",INC_80K_120K,"RSN_SETBACK , RSN_RISING_EXP , RSN_OWN_VENTURE , RSN_FROM_WAGE , RSN_ALL_SHG_LOAN , RSN_CRP_ENCOURAGED",CYC_REGULAR_HOURS,PLC_RENTED,1500,LOC_CONVENIENT,,"MKT_NAME_BOARD , MKT_SHG_MEETINGS","SEL_PRODUCE_WAIT_ORDERS , SEL_LOCAL_HAAT",RKH_FAMILY_MAINTAINS,RKT_FAMILY_BOOK,"SHG_SKILL_TRAIN , SHG_DOCS_HELP , SHG_REGULAR_LOAN , SHG_CRP_GUIDE","FEX_PLOUGH_EARNINGS , FEX_SHG_SMALLER",,"HRESP_NEED_HELP , HRESP_FINANCIAL , HRESP_FULL_SUPPORT",SRC_NEED_COMPANION,REC_NO_ISSUES,"CH_TIMELY_FUNDS , CH_SELLING_INVENTORY","ADV_BETTER_LOC , ADV_VARIETY , ADV_DISCOUNTS , ADV_QUALITY , ADV_CREDIT , ADV_FAST_DELIVERY","EXP_ATTRACTIVE_SHOP , EXP_DIVERSIFY","BOT_CAPITAL , BOT_SKILLS_TRAINING",FND_1L_3L,OPT_NO,,,,INC_10K_12K,"CRP_DOCS , CRP_PROFIT_IDEAS , CRP_RECORDS , CRP_COMM_SKILLS , CRP_COMPETITORS","EXP_BIGGER_LOAN , EXP_MUDRA_HELP , EXP_BIZ_TRAININGS",PHN_OWN,OPT_YES,QR_5_10,,SMM_DONT_WANT,SMP_NONE,,,,,,,01/10/2026 12:27:00,KAT,01/10/2026 13:31:14,KAT,10,Survey_001
KUM-13,01/10/2026,KUM,"0.000000, 0.000000","0.000000, 0.000000",Working,,DIST_DAUSA,BLK_SIKANDRA,Garh Ranoli,Manju,7357892293,Riya,Shree Ram,Manju Devi,3,OPT_YES,5,OPT_YES,INT_SVEP,Masala business,2,BTY_MANUFACTURING,ACT_FOOD_PROCESSING,1,OPT_NO,"DOC_PAN , DOC_AADHAR , DOC_UDYAM , DOC_CASTE",AGE_26_35,MAR_MARRIED,CST_SC,EDU_5TH,5,"INC_FAMILY_ENT , INC_RESP_ENT",INC_520K-560K,"RSN_SETBACK , RSN_RISING_EXP , RSN_OWN_VENTURE",CYC_BOTH_ROUND_YEAR,PLC_OWN,1,LOC_CONVENIENT,,"MKT_SHOP_ONLY , MKT_SHG_MEETINGS , MKT_TRADERS_SAMPLES , MKT_WAIT_ENQUIRIES","SEL_DOOR_TO_DOOR , SEL_PRIOR_ORDERS",RKH_NOT_REGULAR,RKT_NOT_REGULAR,SHG_BIZ_INFO,FEX_SHG_SMALLER,,HRESP_LATER_SUPPORT,SRC_FAMILY_HANDLES,REC_EVENTUALLY_PAYS,"CH_TIMELY_FUNDS , CH_BIGGER_MARKET , CH_SELLING_INVENTORY , CH_SOCIAL_MEDIA_LEARN","ADV_QUALITY , ADV_CREDIT , ADV_FAST_DELIVERY","EXP_SAME_LOC_SCALE , EXP_DIVERSIFY","BOT_CAPITAL , BOT_MARKET_ACCESS , BOT_SKILLS_TRAINING",FND_UPTO_1L,OPT_NO,,,,INC_10K_12K,"CRP_BIZ_PLAN , CRP_PROFIT_IDEAS , CRP_COMM_SKILLS","EXP_BIGGER_LOAN , EXP_BIGGER_MARKETS",PHN_NO,OPT_NO,,NOQR_NOT_APPLICABLE,SMM_DONT_KNOW_USE,SMP_NONE,,,,,,,01/10/2026 12:35:00,KUM,03/10/2026 17:05:11,KAT,13,Survey_001
KAT-11,01/10/2026,KAT,"0.000000, 0.000000","0.000000, 0.000000",Working,,DIST_DAUSA,BLK_SIKANDRA,ranil,mamta devi,9829315182,jay piplaj mata,ekta,nirml,4,OPT_YES,6,OPT_NO,INT_SVEP,no name,3,BTY_SERVICING,ACT_BEAUTY_PARLOUR,2,OPT_YES,"DOC_PAN , DOC_AADHAR , DOC_UDYAM , DOC_CASTE , DOC_INCOME",AGE_26_35,MAR_MARRIED,CST_SC,EDU_ILLITERATE,5,"INC_SELF_EMP , INC_RESP_ENT",INC_LT_80K,"RSN_SETBACK , RSN_RISING_EXP , RSN_OWN_VENTURE , RSN_LEARNT_SKILL , RSN_FROM_WAGE",CYC_REGULAR_HOURS,PLC_OWN,0,LOC_CONVENIENT,,"MKT_SHOP_ONLY , MKT_WAIT_ENQUIRIES , MKT_NO_NEED",SEL_PRODUCE_WAIT_ORDERS,RKH_NO_RECORD,,"SHG_BIZ_INFO , SHG_SUBSIDY_GRANT , SHG_SEED_LOAN , SHG_CRP_GUIDE","FEX_PLOUGH_EARNINGS , FEX_SHG_SMALLER",,"HRESP_LATER_SUPPORT , HRESP_FINANCIAL",SRC_NEED_COMPANION,REC_NO_ISSUES,"CH_TIMELY_FUNDS , CH_SELLING_INVENTORY , CH_SOCIAL_MEDIA_LEARN","ADV_BETTER_LOC , ADV_SHOP_VS_HOME , ADV_VARIETY , ADV_DISCOUNTS , ADV_QUALITY","EXP_BETTER_LOC , EXP_ATTRACTIVE_SHOP , EXP_DIVERSIFY , EXP_ONLINE_MARKETS","BOT_CAPITAL , BOT_MARKET_ACCESS , BOT_SKILLS_TRAINING , BOT_HEALTH_PERSONAL",FND_1L_3L,OPT_NO,,,,INC_8K_10K,"CRP_DOCS , CRP_PROFIT_IDEAS , CRP_COMM_SKILLS , CRP_INSTAGRAM","EXP_CRP_GUIDANCE , EXP_ONLINE_PURCHASE , EXP_INSTA_HELP , EXP_BIZ_TRAININGS",PHN_OWN,OPT_YES,QR_10_20,,SMM_WHATSAPP_ORDERS,SMP_WHATSAPP,"SMU_PRICE_ORDERS , SMU_SHARE_IMAGES",SMF_DAILY,,,,,01/10/2026 13:56:00,KAT,01/10/2026 15:27:18,KAT,11,Survey_001
KUM-14,01/10/2026,KUM,"26.824861, 76.508561","26.824861, 76.508561",Working,,DIST_DAUSA,BLK_SIKANDRA,Garh,Rupanta Devi,7792070570,Shree Shyam,Ronak,Nirmal,4,OPT_YES,4,OPT_NO,INT_SVEP,Tailoring,3,BTY_SERVICING,ACT_TAILORING,3,OPT_NO,"DOC_PAN , DOC_AADHAR , DOC_UDYAM , DOC_CASTE",AGE_26_35,MAR_MARRIED,CST_OBC,EDU_5TH,5,INC_SELF_EMP,INC_440K-480K,"RSN_RISING_EXP , RSN_ALL_SHG_LOAN , RSN_CRP_ENCOURAGED",CYC_REGULAR_HOURS,PLC_OWN,0,LOC_HOME_CANT_MOVE,,"MKT_SHOP_ONLY , MKT_SHG_MEETINGS , MKT_TRADERS_SAMPLES , MKT_WAIT_ENQUIRIES","SEL_PRODUCE_WAIT_ORDERS , SEL_DOOR_TO_DOOR , SEL_PRIOR_ORDERS",RKH_NOT_REGULAR,RKT_NOT_REGULAR,"SHG_BIZ_INFO , SHG_SEED_LOAN",FEX_SHG_SMALLER,,HRESP_LATER_SUPPORT,SRC_TRAVEL_ALONE,REC_CASH_ONLY,CH_TIMELY_FUNDS,"ADV_CREDIT , ADV_FAST_DELIVERY","EXP_SAME_LOC_SCALE , EXP_DIVERSIFY","BOT_CAPITAL , BOT_SKILLS_TRAINING",FND_UPTO_1L,OPT_NO,,,,INC_12K_14K,"CRP_BIZ_PLAN , CRP_PROFIT_IDEAS , CRP_COMM_SKILLS","EXP_BIGGER_LOAN , EXP_BIGGER_MARKETS",PHN_OWN,OPT_YES,QR_1_4,,SMM_DONT_WANT,SMP_NONE,,,,,,,01/10/2026 14:53:00,KUM,01/10/2026 15:31:34,KUM,14,Survey_001
VRI-11,01/10/2026,VRI,"26.824698, 76.508480","26.824698, 76.508480",Working,,DIST_DAUSA,BLK_SIKANDRA,Garh,Choti devi,7426089028,Shree krishna,Raunak,Nirmal,4,OPT_NO,6,OPT_NO,INT_SVEP,No neme,1,BTY_SERVICING,ACT_FLOUR_MILL,2,OPT_YES,"DOC_PAN , DOC_AADHAR , DOC_CASTE , DOC_INCOME",AGE_36_45,MAR_MARRIED,CST_SC,EDU_8TH,6,"INC_AGRI , INC_WAGES , INC_RESP_ENT",INC_240K_280K,"RSN_SETBACK , RSN_RISING_EXP , RSN_OWN_VENTURE",CYC_WHENEVER_CUSTOMER,PLC_OWN,0,LOC_AFFORD_ONLY,,MKT_OTHER,SEL_NOT_REL,RKH_FAMILY_MAINTAINS,RKT_FAMILY_BOOK,SHG_BIZ_INFO,FEX_SHG_SUFFICIENT,,HRESP_NO_SUPPORT,SRC_CONTENT_NEARBY,REC_NO_ISSUES,CH_OTHER,ADV_OTHER,EXP_SATISFIED_NO_EXP,BOT_NOTHING_WORKING,FND_UPTO_1L,OPT_NO,,,,INC_4K_6K,CRP_DOCS,EXP_BIGGER_LOAN,PHN_FAMILY_ACCESS,OPT_NO,,NOQR_DONT_KNOW_HOW,SMM_DONT_WANT,SMP_NONE,,,,,,,01/10/2026 14:55:00,VRI,01/10/2026 15:51:16,VRI,11,Survey_001
KAT-12,01/10/2026,KAT,"0.000000, 0.000000","0.000000, 0.000000",Working,,DIST_DAUSA,BLK_SIKANDRA,gadh,lali devi,7752207587,shree krishna,ronak,nirmal,3,OPT_YES,4,OPT_NO,INT_SVEP,no name,3,BTY_MANUFACTURING,ACT_FOOD_MAKING,4,OPT_NO,"DOC_PAN , DOC_AADHAR , DOC_CASTE , DOC_INCOME",AGE_36_45,MAR_MARRIED,CST_OBC,EDU_ILLITERATE,5,"INC_AGRI , INC_RESP_ENT",INC_80K_120K,"RSN_SETBACK , RSN_RISING_EXP , RSN_FROM_WAGE",CYC_REGULAR_HOURS,PLC_OWN,0,LOC_CHANGED_LOC,,"MKT_SHOP_ONLY , MKT_SHG_MEETINGS","SEL_LOCAL_HAAT , SEL_OTHER",RKH_NO_RECORD,,"SHG_BIZ_INFO , SHG_DOCS_HELP , SHG_CRP_GUIDE","FEX_PLOUGH_EARNINGS , FEX_SHG_SMALLER",,"HRESP_FINANCIAL , HRESP_NO_SUPPORT",SRC_NEED_COMPANION,REC_CASH_ONLY,"CH_TIMELY_FUNDS , CH_SELLING_INVENTORY","ADV_BETTER_LOC , ADV_VARIETY , ADV_DISCOUNTS , ADV_QUALITY , ADV_CREDIT","EXP_ATTRACTIVE_SHOP , EXP_SAME_LOC_SCALE , EXP_DIVERSIFY","BOT_CAPITAL , BOT_FAMILY_SUPPORT",FND_UPTO_1L,OPT_NO,,,,INC_8K_10K,"CRP_DOCS , CRP_BIZ_PLAN , CRP_PROFIT_IDEAS",,PHN_OWN,OPT_YES,QR_5_10,,SMM_NO_TIME_LEARN,SMP_NONE,,,,,,,01/10/2026 14:54:00,KAT,02/10/2026 08:41:08,KAT,12,Survey_001
KUM-15,01/10/2026,KUM,"26.824910, 76.509195","26.824910, 76.509195",Working,,DIST_DAUSA,BLK_SIKANDRA,Gamanpura,Omlata,9782295674,Radhey Krishna,Ronak,Nirmal,5,OPT_YES,5,OPT_YES,INT_SVEP,Cosmetic,6,BTY_TRADING,ACT_FANCY_STORE,3,OPT_YES,"DOC_PAN , DOC_AADHAR , DOC_UDYAM , DOC_CASTE , DOC_INCOME",AGE_36_45,MAR_MARRIED,CST_OBC,EDU_10TH,9,INC_RESP_ENT,INC_520K-560K,RSN_RISING_EXP,CYC_REGULAR_HOURS,PLC_RENTED,2800,LOC_CONVENIENT,,,,RKH_NOT_REGULAR,RKT_NOT_REGULAR,SHG_BIZ_INFO,"FEX_PLOUGH_EARNINGS , FEX_SHG_SMALLER",,HRESP_LATER_SUPPORT,SRC_NEED_COMPANION,REC_NO_ISSUES,CH_TIMELY_FUNDS,ADV_BETTER_LOC,EXP_SAME_LOC_SCALE,BOT_CAPITAL,FND_1L_3L,OPT_NO,,,,INC_CANT_SAY,"CRP_BIZ_PLAN , CRP_PROFIT_IDEAS",EXP_BIGGER_LOAN,PHN_OWN,OPT_YES,QR_10_20,,SMM_WHATSAPP_ORDERS,SMP_WHATSAPP,"SMU_SHARE_IMAGES , SMU_VENDOR_ENQUIRY",SMF_DAILY,,,,,01/10/2026 15:47:00,KUM,01/10/2026 16:34:48,KUM,15,Survey_001
SAH-3,01/10/2026,SAH,"0.000000, 0.000000","0.000000, 0.000000",Working,,DIST_BARAN,BLK_BARAN,Barkheda,Amanta,9521332857,Ridhhi sidhhi,Shiv shakti,Bamuliya,6,OPT_YES,7,OPT_YES,INT_SVEP,Raj E mitra and photography,6,BTY_SERVICING,ACT_EMITRA,6,OPT_YES,"DOC_PAN , DOC_AADHAR , DOC_UDYAM , DOC_CASTE , DOC_INCOME",AGE_36_45,MAR_MARRIED,CST_SC,EDU_GRADUATE,4,"INC_FAMILY_ENT , INC_RESP_ENT",INC_160K_200K,"RSN_OWN_VENTURE , RSN_CRP_ENCOURAGED",CYC_REGULAR_HOURS,PLC_OWN,0,LOC_CONVENIENT,,MKT_NAME_BOARD,SEL_NOT_REL,RKH_ALWAYS_DONE,"RKT_PURCHASE_SALE_REG , RKT_CRP_DIARY","SHG_SKILL_TRAIN , SHG_BIZ_INFO , SHG_DOCS_HELP , SHG_SEED_LOAN , SHG_CRP_GUIDE","FEX_PLOUGH_EARNINGS , FEX_SHG_SMALLER",,HRESP_NEED_HELP,SRC_CONTENT_NEARBY,REC_CASH_ONLY,CH_OSF_PHASED,"ADV_BETTER_LOC , ADV_SOCIAL_MEDIA",EXP_ATTRACTIVE_SHOP,BOT_CAPITAL,FND_UPTO_1L,OPT_YES,उद्धम करने की 2 दिन की ट्रेनिंग,OPT_YES,ऑनलाइन फॉर्म भरने में,INC_8K_10K,"CRP_DOCS , CRP_BIZ_PLAN , CRP_PROFIT_IDEAS , CRP_RECORDS , CRP_BANK_LOAN , CRP_COMM_SKILLS",EXP_MUDRA_HELP,PHN_OWN,OPT_YES,QR_5_10,,SMM_INSTA_ORDERS,"SMP_WHATSAPP , SMP_INSTAGRAM",SMU_SHARE_IMAGES,SMF_2_3_WEEK,,,,,01/10/2026 16:16:00,SAH,01/10/2026 17:23:21,SAH,3,Survey_001
VRI-12,01/10/2026,VRI,"26.896950, 76.306014","26.896950, 76.306014",Working,,DIST_DAUSA,BLK_SIKANDRA,Harh,Vaishali devi,7426828694,Jay jagdamba,Raunak,Nirmal,2,OPT_NO,,OPT_NO,INT_SVEP,No name,2,BTY_SERVICING,ACT_TAILORING,2,OPT_YES,"DOC_PAN , DOC_AADHAR , DOC_UDYAM , DOC_CASTE",AGE_36_45,MAR_MARRIED,CST_SC,EDU_5TH,5,"INC_AGRI , INC_WAGES , INC_ANIMAL_PROD , INC_RESP_ENT",INC_320K_360K,"RSN_SETBACK , RSN_RISING_EXP , RSN_OWN_VENTURE",CYC_WHENEVER_CUSTOMER,PLC_OWN,0,LOC_HOME_CANT_MOVE,,MKT_SHOP_ONLY,SEL_NOT_REL,RKH_NO_RECORD,,SHG_DOCS_HELP,FEX_SHG_SUFFICIENT,,"HRESP_LATER_SUPPORT , HRESP_FULL_SUPPORT",SRC_CONTENT_NEARBY,REC_NO_ISSUES,CH_OTHER,ADV_BETTER_LOC,EXP_SATISFIED_NO_EXP,BOT_NOTHING_WORKING,FND_UPTO_1L,OPT_NO,,,,INC_6K_8K,CRP_DOCS,EXP_BIGGER_LOAN,PHN_OWN,OPT_NO,,NOQR_DONT_KNOW_HOW,SMM_DONT_WANT,SMP_NONE,,,,,,,01/10/2026 18:13:00,VRI,01/10/2026 18:38:09,VRI,12,Survey_001
KAT-13,02/10/2026,KAT,"0.000000, 0.000000","0.000000, 0.000000",Working,,DIST_DAUSA,BLK_SIKANDRA,चोवेढाणी सवास,हंसलता देवी,8003343967,लक्ष्मी बाई,सोमनाथ,प्रकाश,3,OPT_YES,6,OPT_NO,INT_SVEP,no name,5,BTY_MANUFACTURING,ACT_HANDICRAFT,2,OPT_NO,"DOC_PAN , DOC_AADHAR , DOC_UDYAM , DOC_CASTE , DOC_INCOME",AGE_26_35,MAR_MARRIED,CST_ST,EDU_10TH,2,"INC_FAMILY_ENT , INC_RESP_ENT",,"RSN_SETBACK , RSN_RISING_EXP , RSN_OWN_VENTURE , RSN_LEARNT_SKILL , RSN_CRP_ENCOURAGED",CYC_REGULAR_HOURS,PLC_OWN,0,LOC_CONVENIENT,,"MKT_SHOP_ONLY , MKT_SHG_MEETINGS , MKT_NO_NEED","SEL_PRODUCE_WAIT_ORDERS , SEL_PRIOR_ORDERS , SEL_OTHER",RKH_FAMILY_MAINTAINS,RKT_NO_RECORD,"SHG_BIZ_INFO , SHG_DOCS_HELP , SHG_SEED_LOAN , SHG_REGULAR_LOAN , SHG_CRP_GUIDE","FEX_SHG_SUFFICIENT , FEX_PLOUGH_EARNINGS",,"HRESP_NEED_HELP , HRESP_FINANCIAL , HRESP_FULL_SUPPORT",SRC_NEED_COMPANION,REC_LEARNT_NEGOTIATE,"CH_TIMELY_FUNDS , CH_BIGGER_MARKET , CH_SELLING_INVENTORY , CH_SOCIAL_MEDIA_LEARN","ADV_VARIETY , ADV_CREDIT , ADV_FAST_DELIVERY , ADV_SOCIAL_MEDIA","EXP_BETTER_LOC , EXP_ATTRACTIVE_SHOP , EXP_DIVERSIFY","BOT_CAPITAL , BOT_MARKET_ACCESS , BOT_SKILLS_TRAINING",FND_1L_3L,OPT_NO,,,,INC_6K_8K,"CRP_DOCS , CRP_BIZ_PLAN , CRP_COMM_SKILLS , CRP_MARKETING","EXP_BIGGER_LOAN , EXP_MUDRA_HELP , EXP_CRP_GUIDANCE",PHN_OWN,OPT_YES,QR_10_20,,SMM_WHATSAPP_ORDERS,SMP_WHATSAPP,"SMU_PRICE_ORDERS , SMU_SHARE_IMAGES , SMU_NEW_IDEAS",SMF_DAILY,,,,,02/10/2026 09:08:00,KAT,02/10/2026 12:57:29,KAT,13,Survey_001
VRI-13,02/10/2026,VRI,"26.923040, 75.788261","26.923040, 75.788261",Working,,DIST_DAUSA,BLK_SIKANDRA,Gumanpura,Sumodra mina,6367434558,Jorawal baba,Nari shakti,Nirmal,4,OPT_NO,,OPT_NO,INT_SVEP,Shree ji kirana store,2,BTY_TRADING,ACT_GROCERY,1,OPT_YES,"DOC_PAN , DOC_AADHAR , DOC_UDYAM , DOC_CASTE",AGE_36_45,MAR_MARRIED,CST_OBC,EDU_8TH,7,"INC_AGRI , INC_SALARY , INC_ANIMAL_PROD , INC_RESP_ENT",INC_440K-480K,"RSN_RISING_EXP , RSN_OWN_VENTURE",CYC_REGULAR_HOURS,PLC_RENTED,3000,LOC_CONVENIENT,,MKT_SHOP_ONLY,SEL_NOT_REL,RKH_FAMILY_MAINTAINS,RKT_DAILY_DIARY,"SHG_DOCS_HELP , SHG_SEED_LOAN","FEX_PLOUGH_EARNINGS , FEX_SHG_SMALLER",,HRESP_NO_SUPPORT,SRC_FAMILY_HANDLES,REC_NO_ISSUES,CH_OTHER,ADV_BETTER_LOC,EXP_SAME_LOC_SCALE,BOT_NOTHING_WORKING,FND_UPTO_1L,OPT_NO,,,,INC_14K_16K,CRP_DOCS,EXP_BIGGER_LOAN,PHN_OWN,OPT_NO,,NOQR_DONT_KNOW_HOW,SMM_DONT_WANT,SMP_NONE,,,,,,,02/10/2026 09:58:00,VRI,02/10/2026 13:20:07,VRI,13,Survey_001
KUM-16,02/10/2026,KUM,"26.922886, 75.788302","26.922886, 75.788302",Working,,DIST_DAUSA,BLK_SIKANDRA,Gamanpura,Veena Devi,9694305502,Dev Maharaj,Gamanpura,Nirmal,3,OPT_YES,3,OPT_NO,INT_SVEP,Grocery Shop,3,BTY_TRADING,ACT_GROCERY,6,OPT_NO,"DOC_PAN , DOC_AADHAR , DOC_UDYAM , DOC_CASTE",AGE_36_45,MAR_MARRIED,CST_SC,EDU_5TH,4,"INC_AGRI , INC_WAGES , INC_DAIRY , INC_RESP_ENT",INC_440K-480K,"RSN_SETBACK , RSN_RISING_EXP",CYC_REGULAR_HOURS,PLC_RENTED,1500,LOC_CONVENIENT,,,,RKH_NOT_REGULAR,RKT_NOT_REGULAR,"SHG_BIZ_INFO , SHG_SEED_LOAN","FEX_PLOUGH_EARNINGS , FEX_SHG_SMALLER",,HRESP_LATER_SUPPORT,SRC_TRAVEL_ALONE,REC_EVENTUALLY_PAYS,"CH_TIMELY_FUNDS , CH_BIGGER_MARKET","ADV_QUALITY , ADV_CREDIT",EXP_SAME_LOC_SCALE,BOT_CAPITAL,FND_UPTO_1L,OPT_NO,,,,INC_8K_10K,"CRP_BIZ_PLAN , CRP_COMM_SKILLS , CRP_MARKETING","EXP_BIGGER_LOAN , EXP_BIGGER_MARKETS",PHN_FAMILY_ACCESS,OPT_YES,QR_5_10,,SMM_DONT_WANT,SMP_NONE,,,,,,,02/10/2026 11:49:00,KUM,02/10/2026 12:34:58,KUM,16,Survey_001
VRI-14,02/10/2026,VRI,"26.923048, 75.788043","26.923048, 75.788043",Working,,DIST_DAUSA,BLK_SIKANDRA,Gumanpura,Bhuli devi,9660286703,Radhe krishna,Nari shakti,Raunak,6,OPT_NO,,OPT_NO,INT_SVEP,No name,2,BTY_TRADING,ACT_GROCERY,1,OPT_YES,"DOC_PAN , DOC_AADHAR , DOC_UDYAM , DOC_CASTE",AGE_36_45,MAR_MARRIED,CST_OBC,EDU_5TH,5,"INC_AGRI , INC_SALARY , INC_ANIMAL_PROD , INC_RESP_ENT",INC_360K_400K,"RSN_SETBACK , RSN_RISING_EXP , RSN_OWN_VENTURE",CYC_REGULAR_HOURS,PLC_OWN,0,LOC_HOME_CANT_MOVE,,MKT_SHOP_ONLY,SEL_NOT_REL,RKH_ALWAYS_DONE,RKT_DAILY_DIARY,SHG_SEED_LOAN,FEX_FAMILY_HELP,,HRESP_NO_SUPPORT,SRC_FAMILY_HANDLES,REC_EVENTUALLY_PAYS,CH_OTHER,ADV_SHOP_VS_HOME,EXP_SAME_LOC_SCALE,BOT_NOTHING_WORKING,FND_UPTO_1L,OPT_NO,,,,INC_14K_16K,CRP_DOCS,EXP_BIGGER_LOAN,PHN_FAMILY_ACCESS,OPT_NO,,NOQR_DONT_KNOW_HOW,SMM_DONT_WANT,SMP_NONE,,,,,,,02/10/2026 11:59:00,VRI,02/10/2026 21:48:10,VRI,14,Survey_001
VRI-15,02/10/2026,VRI,"26.922853, 75.788298","26.922853, 75.788298",Working,,DIST_DAUSA,BLK_SIKANDRA,Gumanpura,Neetu sharma,7340094873,Radhe krishna,Nari shakti,Nirmal,6,OPT_NO,,OPT_NO,INT_SVEP,No name,1,BTY_SERVICING,ACT_BEAUTY_PARLOUR,1,OPT_YES,"DOC_PAN , DOC_AADHAR , DOC_UDYAM , DOC_CASTE , DOC_INCOME",AGE_26_35,MAR_MARRIED,CST_OBC,EDU_GRADUATE,6,"INC_AGRI , INC_SALARY , INC_ANIMAL_PROD , INC_RESP_ENT",INC_440K-480K,"RSN_RISING_EXP , RSN_OWN_VENTURE , RSN_LEARNT_SKILL",CYC_REGULAR_HOURS,PLC_RENTED,2500,LOC_CONVENIENT,,MKT_SHOP_ONLY,SEL_NOT_REL,RKH_NO_RECORD,,SHG_SEED_LOAN,FEX_SHG_SMALLER,,"HRESP_FULL_SUPPORT , HRESP_NO_SUPPORT",SRC_NEED_COMPANION,REC_NO_ISSUES,CH_SOCIAL_MEDIA_LEARN,ADV_BETTER_LOC,"EXP_BETTER_LOC , EXP_SAME_LOC_SCALE",BOT_NOTHING_WORKING,FND_UPTO_1L,OPT_NO,,,,INC_18K_20K,CRP_DOCS,EXP_BIZ_TRAININGS,PHN_OWN,OPT_YES,QR_20_40,,SMM_WHATSAPP_ORDERS,SMP_WHATSAPP,"SMU_SHARE_IMAGES , SMU_VENDOR_ENQUIRY , SMU_NEW_IDEAS",SMF_4_5_MONTH,,,,,02/10/2026 13:50:00,VRI,02/10/2026 14:42:13,VRI,15,Survey_001
KAT-14,02/10/2026,KAT,"0.000000, 0.000000","0.000000, 0.000000",Working,,DIST_DAUSA,BLK_SIKANDRA,चोवेढाणी सवास,कैलाशी देवी,7041592841,जोमनेर माता,सोमनाथ,प्रकाश,4,OPT_YES,4,OPT_NO,INT_SVEP,no name,4,BTY_TRADING,ACT_FANCY_STORE,3,OPT_YES,"DOC_PAN , DOC_AADHAR , DOC_UDYAM , DOC_CASTE , DOC_INCOME",AGE_36_45,MAR_WIDOWED,CST_ST,EDU_5TH,5,INC_RESP_ENT,INC_LT_80K,"RSN_SETBACK , RSN_RISING_EXP , RSN_OWN_VENTURE , RSN_FROM_WAGE , RSN_CRP_ENCOURAGED , RSN_CLF_ENCOURAGED",CYC_REGULAR_HOURS,PLC_OWN,0,LOC_CONVENIENT,,"MKT_SHOP_ONLY , MKT_SHG_MEETINGS , MKT_TRADERS_SAMPLES , MKT_NO_NEED","SEL_PRODUCE_WAIT_ORDERS , SEL_PRIOR_ORDERS",RKH_ALWAYS_DONE,"RKT_PURCHASE_SALE_REG , RKT_ONLY_DEBT , RKT_OTHER","SHG_BIZ_INFO , SHG_DOCS_HELP , SHG_SEED_LOAN","FEX_SHG_SUFFICIENT , FEX_PLOUGH_EARNINGS",,HRESP_NO_SUPPORT,SRC_NEED_COMPANION,REC_NO_ISSUES,"CH_TIMELY_FUNDS , CH_BIGGER_MARKET , CH_SOCIAL_MEDIA_LEARN","ADV_BETTER_LOC , ADV_VARIETY , ADV_DISCOUNTS","EXP_ATTRACTIVE_SHOP , EXP_OPEN_BRANCH , EXP_DIVERSIFY , EXP_FORMALISE","BOT_CAPITAL , BOT_MARKET_ACCESS , BOT_SKILLS_TRAINING",FND_1L_3L,OPT_NO,,,,INC_GT_6K,"CRP_DOCS , CRP_PROFIT_IDEAS","EXP_CRP_GUIDANCE , EXP_BIGGER_MARKETS",PHN_OWN,OPT_YES,QR_10_20,,SMM_WHATSAPP_ORDERS,"SMP_WHATSAPP , SMP_NONE",,,,,,,02/10/2026 14:37:00,KAT,03/10/2026 08:16:09,KAT,14,Survey_001
KUM-17,02/10/2026,KUM,"26.922903, 75.788319","26.922903, 75.788319",Working,,DIST_DAUSA,BLK_SIKANDRA,Gamanpura,Kiran Devi,7891641241,Shiv Shankar,Gamanpura,Nirmal,4,OPT_YES,4,OPT_NO,INT_SVEP,General store,3,BTY_TRADING,"ACT_GROCERY , ACT_FANCY_STORE",3,OPT_NO,"DOC_PAN , DOC_AADHAR , DOC_CASTE",AGE_46_55,MAR_MARRIED,CST_SC,EDU_5TH,4,"INC_WAGES , INC_RESP_ENT",INC_440K-480K,"RSN_SETBACK , RSN_RISING_EXP",CYC_REGULAR_HOURS,PLC_RENTED,0,LOC_CONVENIENT,,"MKT_SHOP_ONLY , MKT_SHG_MEETINGS",SEL_NOT_REL,RKH_NOT_REGULAR,RKT_NOT_REGULAR,"SHG_BIZ_INFO , SHG_SEED_LOAN",FEX_SHG_SMALLER,,HRESP_LATER_SUPPORT,SRC_TRAVEL_ALONE,REC_EVENTUALLY_PAYS,"CH_TIMELY_FUNDS , CH_BIGGER_MARKET","ADV_QUALITY , ADV_CREDIT","EXP_SAME_LOC_SCALE , EXP_DIVERSIFY","BOT_CAPITAL , BOT_SKILLS_TRAINING",FND_UPTO_1L,OPT_NO,,,,INC_8K_10K,"CRP_BIZ_PLAN , CRP_PROFIT_IDEAS , CRP_COMM_SKILLS","EXP_BIGGER_LOAN , EXP_BIGGER_MARKETS",PHN_NO,OPT_YES,QR_5_10,,SMM_DONT_KNOW_USE,SMP_NONE,,,,,,,02/10/2026 17:45:00,KUM,02/10/2026 22:25:32,KUM,17,Survey_001
KAT-15,02/10/2026,KAT,"0.000000, 0.000000","0.000000, 0.000000",Working,,DIST_DAUSA,BLK_SIKANDRA,चोवेढाणी सवास,सोनम विजय,9828520990,जोगनेर माता,वैष्णव माता,parkash,5,OPT_NO,,OPT_NO,INT_SVEP,no name,5,BTY_TRADING,ACT_FANCY_STORE,4,OPT_NO,"DOC_PAN , DOC_AADHAR , DOC_UDYAM , DOC_CASTE , DOC_INCOME",AGE_26_35,MAR_MARRIED,CST_GEN,EDU_12TH,5,"INC_AGRI , INC_RESP_ENT",INC_160K_200K,"RSN_SETBACK , RSN_RISING_EXP , RSN_ALL_SHG_LOAN , RSN_CRP_ENCOURAGED",CYC_REGULAR_HOURS,PLC_OWN,0,LOC_CONVENIENT,,"MKT_SHOP_ONLY , MKT_NAME_BOARD , MKT_SHG_MEETINGS , MKT_TRADERS_SAMPLES , MKT_WAIT_ENQUIRIES","SEL_PRODUCE_WAIT_ORDERS , SEL_DOOR_TO_DOOR",RKH_AFTER_CRP_TRAIN,"RKT_PURCHASE_SALE_REG , RKT_DAILY_DIARY , RKT_OTHER","SHG_BIZ_INFO , SHG_DOCS_HELP , SHG_SEED_LOAN , SHG_REGULAR_LOAN , SHG_CRP_GUIDE","FEX_PLOUGH_EARNINGS , FEX_SHG_SMALLER",,"HRESP_NEED_HELP , HRESP_FINANCIAL , HRESP_FULL_SUPPORT",SRC_FAMILY_HANDLES,REC_NO_ISSUES,"CH_TIMELY_FUNDS , CH_BIGGER_MARKET , CH_SELLING_INVENTORY , CH_OTHER","ADV_BETTER_LOC , ADV_SHOP_VS_HOME , ADV_VARIETY , ADV_DISCOUNTS , ADV_QUALITY , ADV_CREDIT","EXP_ATTRACTIVE_SHOP , EXP_DIVERSIFY","BOT_CAPITAL , BOT_FAMILY_SUPPORT , BOT_SKILLS_TRAINING",FND_3L_5L,OPT_NO,,,,INC_14K_16K,"CRP_DOCS , CRP_PROFIT_IDEAS , CRP_RECORDS , CRP_BANK_LOAN , CRP_COMM_SKILLS , CRP_MARKETING","EXP_BIGGER_LOAN , EXP_MUDRA_HELP , EXP_CRP_GUIDANCE , EXP_BIZ_TRAININGS",PHN_OWN,OPT_YES,QR_10_20,,SMM_OTHER,SMP_NONE,,,6,BSTAT_SAME,"SDR_NO_LOAN , SDR_NO_NEW_CUSTOMERS",SUP_CRP_GUIDE,02/10/2026 21:16:00,KAT,03/10/2026 14:52:11,KAT,15,Survey_001
KAT-16,02/10/2026,KAT,"0.000000, 0.000000","0.000000, 0.000000",Working,,DIST_DAUSA,BLK_SIKANDRA,सिकंदरा,रेखा राजपूत,9694841358,महात्मा गॉंधी,वैष्णव देवी,प्रकाश,4,OPT_YES,6,OPT_NO,INT_SVEP,धरती रस,4,BTY_MANUFACTURING,ACT_JUICE,3,OPT_YES,"DOC_PAN , DOC_AADHAR , DOC_FSSAI , DOC_CASTE , DOC_INCOME",AGE_26_35,MAR_MARRIED,CST_SC,EDU_10TH,3,"INC_SALARY , INC_RESP_ENT",INC_LT_80K,"RSN_SETBACK , RSN_RISING_EXP , RSN_OWN_VENTURE , RSN_ALL_SHG_LOAN , RSN_CLF_ENCOURAGED",CYC_REGULAR_HOURS,PLC_OWN,0,LOC_CONVENIENT,,"MKT_NAME_BOARD , MKT_DOOR_TO_DOOR , MKT_TRADERS_SAMPLES","SEL_DOOR_TO_DOOR , SEL_PRIOR_ORDERS",RKH_ALWAYS_DONE,"RKT_PURCHASE_SALE_REG , RKT_DAILY_DIARY , RKT_NOT_REGULAR","SHG_SKILL_TRAIN , SHG_BIZ_INFO , SHG_DOCS_HELP , SHG_REGULAR_LOAN","FEX_PLOUGH_EARNINGS , FEX_FAMILY_HELP",,"HRESP_NEED_HELP , HRESP_FINANCIAL",SRC_NEED_COMPANION,REC_NO_ISSUES,"CH_TIMELY_FUNDS , CH_BIGGER_MARKET , CH_SELLING_INVENTORY","ADV_VARIETY , ADV_DISCOUNTS , ADV_QUALITY , ADV_CREDIT","EXP_ATTRACTIVE_SHOP , EXP_OPEN_BRANCH , EXP_DIVERSIFY","BOT_CAPITAL , BOT_FAMILY_SUPPORT , BOT_MARKET_ACCESS",FND_1L_3L,OPT_NO,,,,INC_10K_12K,"CRP_DOCS , CRP_BIZ_PLAN , CRP_PROFIT_IDEAS , CRP_RECORDS , CRP_COMM_SKILLS","EXP_MUDRA_HELP , EXP_CRP_GUIDANCE , EXP_BIGGER_MARKETS",PHN_OWN,OPT_YES,QR_5_10,,SMM_DONT_WANT,SMP_NONE,,,5,BSTAT_INCREASED,,SUP_CRP_GUIDE,02/10/2026 21:31:00,KAT,03/10/2026 15:48:12,KAT,16,Survey_001
KAT-17,02/10/2026,KAT,"0.000000, 0.000000","0.000000, 0.000000",Working,,DIST_DAUSA,BLK_SIKANDRA,सिकंदरा,राजोली देवी,7851512674,खेतरपाल,वैष्णव माता,प्रकाश,4,OPT_YES,6,OPT_NO,INT_SVEP,आटा चक्की,5,BTY_SERVICING,ACT_FLOUR_MILL,4,OPT_YES,"DOC_PAN , DOC_AADHAR , DOC_UDYAM , DOC_CASTE , DOC_INCOME",AGE_36_45,MAR_MARRIED,CST_SC,EDU_5TH,4,"INC_AGRI , INC_RESP_ENT",INC_120K_160K,"RSN_SETBACK , RSN_RISING_EXP , RSN_OWN_VENTURE , RSN_ALL_SHG_LOAN",CYC_REGULAR_HOURS,PLC_OWN,0,LOC_CHANGED_LOC,,"MKT_NAME_BOARD , MKT_SHG_MEETINGS",SEL_NOT_REL,RKH_ALWAYS_DONE,"RKT_PURCHASE_SALE_REG , RKT_ONLY_DEBT , RKT_DAILY_DIARY","SHG_BIZ_INFO , SHG_REGULAR_LOAN",FEX_PLOUGH_EARNINGS,,HRESP_LATER_SUPPORT,SRC_CONTENT_NEARBY,REC_NO_ISSUES,CH_OTHER,ADV_NONE,"EXP_BETTER_LOC , EXP_SAME_LOC_SCALE , EXP_DIVERSIFY","BOT_CAPITAL , BOT_NOTHING_WORKING",FND_UPTO_1L,OPT_NO,,,,INC_6K_8K,"CRP_DOCS , CRP_BIZ_PLAN , CRP_PROFIT_IDEAS , CRP_RECORDS","EXP_BIGGER_LOAN , EXP_MUDRA_HELP , EXP_CRP_GUIDANCE , EXP_BIGGER_MARKETS",PHN_OWN,OPT_YES,QR_5_10,,SMM_OTHER,SMP_NONE,,,,,,,02/10/2026 22:03:00,KAT,03/10/2026 17:04:12,KAT,17,Survey_001
KAT-18,02/10/2026,KAT,"0.000000, 0.000000","0.000000, 0.000000",Working,,DIST_DAUSA,BLK_SIKANDRA,सिकंदरा,सोनिया देवी,7985357901,जोगनेर माता,वैष्णव देवी,प्रकाश,4,OPT_NO,,OPT_YES,INT_OSF,पिप्लाज माता,6,BTY_MANUFACTURING,ACT_DAIRY_MILK,4,OPT_YES,"DOC_PAN , DOC_AADHAR , DOC_UDYAM , DOC_SHOP_EST , DOC_FSSAI , DOC_CASTE , DOC_INCOME",AGE_26_35,MAR_MARRIED,CST_OBC,EDU_10TH,4,"INC_AGRI , INC_RESP_ENT",INC_120K_160K,"RSN_SETBACK , RSN_RISING_EXP , RSN_OWN_VENTURE , RSN_LEARNT_SKILL",CYC_ON_ORDER_ONLY,PLC_OWN,0,LOC_CONVENIENT,,"MKT_SHOP_ONLY , MKT_DOOR_TO_DOOR , MKT_TRADERS_SAMPLES","SEL_PRIOR_ORDERS , SEL_LOCAL_HAAT , SEL_SARAS_FAIR",RKH_ALWAYS_DONE,"RKT_DAILY_DIARY , RKT_NOT_REGULAR","SHG_BIZ_INFO , SHG_DOCS_HELP , SHG_REGULAR_LOAN , SHG_BANK_LOAN","FEX_SHG_SUFFICIENT , FEX_SHG_SMALLER , FEX_FAMILY_HELP",,"HRESP_FINANCIAL , HRESP_FULL_SUPPORT",SRC_NEED_COMPANION,REC_CASH_ONLY,"CH_TIMELY_FUNDS , CH_BIGGER_MARKET , CH_SELLING_INVENTORY","ADV_BETTER_LOC , ADV_VARIETY , ADV_QUALITY , ADV_CREDIT","EXP_ATTRACTIVE_SHOP , EXP_SAME_LOC_SCALE , EXP_DIVERSIFY","BOT_CAPITAL , BOT_FAMILY_SUPPORT , BOT_SKILLS_TRAINING",FND_1L_3L,OPT_NO,,,,INC_8K_10K,"CRP_DOCS , CRP_PROFIT_IDEAS , CRP_COMM_SKILLS","EXP_BIGGER_LOAN , EXP_MUDRA_HELP , EXP_BIGGER_MARKETS , EXP_INSTA_HELP , EXP_BIZ_TRAININGS",PHN_OWN,OPT_NO,,,SMM_OTHER,SMP_NONE,,,,,,,02/10/2026 22:14:00,KAT,03/10/2026 16:02:54,KAT,18,Survey_001
KUM-18,03/10/2026,KUM,"26.922893, 75.788321","26.922893, 75.788321",Working,,DIST_DAUSA,BLK_SIKANDRA,Brahman Bairada,Urmila Jangir,9166665623,Shree Krishna,Shree Ganesh,Prakash,5,OPT_YES,4,OPT_YES,INT_SVEP,Tailoring,6,BTY_SERVICING,ACT_TAILORING,1,OPT_NO,"DOC_PAN , DOC_AADHAR , DOC_CASTE",AGE_46_55,MAR_MARRIED,CST_OBC,EDU_8TH,4,INC_RESP_ENT,INC_600K-640K,RSN_SETBACK,CYC_REGULAR_HOURS,PLC_OWN,0,LOC_HOME_CANT_MOVE,,"MKT_SHOP_ONLY , MKT_SHG_MEETINGS , MKT_NO_NEED",SEL_NOT_REL,RKH_NOT_REGULAR,RKT_NOT_REGULAR,"SHG_BIZ_INFO , SHG_SEED_LOAN",FEX_SHG_SMALLER,,HRESP_LATER_SUPPORT,SRC_CONTENT_NEARBY,REC_NO_ISSUES,CH_OTHER,"ADV_QUALITY , ADV_FAST_DELIVERY",EXP_HIRE_HELP,BOT_CAPITAL,FND_1L_3L,OPT_NO,,,,INC_10K_12K,"CRP_BIZ_PLAN , CRP_PROFIT_IDEAS , CRP_COMM_SKILLS",EXP_OTHER,PHN_OWN,OPT_YES,QR_1_4,,SMM_DONT_KNOW_USE,SMP_NONE,,,,,,,03/10/2026 11:02:00,KUM,03/10/2026 11:31:49,KUM,18,Survey_001
VRI-16,03/10/2026,VRI,"0.000000, 0.000000","0.000000, 0.000000",Working,,DIST_DAUSA,BLK_SIKANDRA,Jharna,Santoshi devi,7240583731,Narayan mata,Vikash,Nirmal,6,OPT_NO,,OPT_NO,INT_SVEP,No name,1,BTY_SERVICING,ACT_TAILORING,1,OPT_YES,"DOC_PAN , DOC_AADHAR , DOC_CASTE",AGE_36_45,MAR_MARRIED,CST_OBC,EDU_8TH,5,"INC_AGRI , INC_SALARY , INC_ANIMAL_PROD , INC_RESP_ENT",INC_360K_400K,"RSN_RISING_EXP , RSN_LEARNT_SKILL , RSN_FROM_WAGE",CYC_WHENEVER_CUSTOMER,PLC_OWN,0,LOC_HOME_CANT_MOVE,,MKT_SHOP_ONLY,SEL_NOT_REL,RKH_NO_RECORD,,SHG_DOCS_HELP,FEX_SHG_SUFFICIENT,,HRESP_NO_SUPPORT,SRC_CONTENT_NEARBY,REC_EVENTUALLY_PAYS,CH_OTHER,ADV_BETTER_LOC,EXP_CANT_SAY,"BOT_SKILLS_TRAINING , BOT_NOTHING_WORKING",FND_UPTO_1L,OPT_NO,,,,INC_8K_10K,CRP_DOCS,EXP_BIGGER_LOAN,PHN_FAMILY_ACCESS,OPT_NO,,NOQR_DONT_KNOW_HOW,SMM_DONT_WANT,SMP_NONE,,,,,,,03/10/2026 11:29:00,VRI,03/10/2026 17:05:49,KAT,16,Survey_001
KUM-19,05/10/2026,KUM,"28.147612, 74.676454","28.147612, 74.676454",Working,,DIST_CHURU,BLK_RATANGARH,Gaurisa,Prakash Kawar,9784173056,Nagnicha Mata,Gaurisa,Jivan jyoti,5,OPT_YES,5,OPT_YES,INT_SVEP,"Tailoring, rajputi posak shop and cosmetic shop",6,"BTY_TRADING , BTY_SERVICING","ACT_FANCY_STORE , ACT_APPAREL",3,OPT_YES,"DOC_PAN , DOC_AADHAR , DOC_UDYAM , DOC_CASTE",AGE_46_55,MAR_MARRIED,CST_GEN,EDU_8TH,4,"INC_SELF_EMP , INC_RESP_ENT",INC_320K_360K,"RSN_SETBACK , RSN_RISING_EXP",CYC_REGULAR_HOURS,PLC_OWN,0,LOC_AFFORD_ONLY,,"MKT_SHOP_ONLY , MKT_NAME_BOARD , MKT_SHG_MEETINGS , MKT_TRADERS_SAMPLES","SEL_DOOR_TO_DOOR , SEL_PRIOR_ORDERS , SEL_INSTAGRAM , SEL_WHATSAPP",RKH_AFTER_CRP_TRAIN,RKT_DAILY_DIARY,"SHG_BIZ_INFO , SHG_SEED_LOAN","FEX_PLOUGH_EARNINGS , FEX_SHG_SMALLER",,,,,,,,,,,,,,,,,,,,,,,,,,,,,05/10/2026 11:04:00,KUM,05/10/2026 11:35:08,KUM,19,Survey_001
VRI-17,05/10/2026,VRI,"28.147612, 74.676454","28.147612, 74.676454",Working,,DIST_CHURU,BLK_RATANGARH,Gourisar,Kamla devi,8619298022,Kalka mata,Balaji,Jiwan jyoti,6,OPT_YES,5,OPT_NO,INT_SVEP,No name,5,BTY_TRADING,ACT_GROCERY,2,OPT_YES,"DOC_PAN , DOC_AADHAR , DOC_CASTE",AGE_36_45,MAR_MARRIED,CST_SC,EDU_5TH,5,"INC_AGRI , INC_FAMILY_ENT , INC_RESP_ENT",INC_360K_400K,"RSN_RISING_EXP , RSN_OWN_VENTURE",CYC_REGULAR_HOURS,PLC_OWN,0,LOC_CONVENIENT,,MKT_SHOP_ONLY,SEL_NOT_REL,RKH_ALWAYS_DONE,RKT_DAILY_DIARY,SHG_DOCS_HELP,"FEX_PLOUGH_EARNINGS , FEX_SHG_SMALLER",,HRESP_FULL_SUPPORT,SRC_CONTENT_NEARBY,REC_NO_ISSUES,CH_OSF_PHASED,ADV_NONE,EXP_DIVERSIFY,BOT_CAPITAL,FND_UPTO_1L,OPT_NO,,,,INC_8K_10K,CRP_DOCS,"EXP_BIGGER_LOAN , EXP_CRP_GUIDANCE",PHN_FAMILY_ACCESS,OPT_YES,QR_5_10,,SMM_DONT_WANT,SMP_NONE,,,4,BSTAT_INCREASED,,"SUP_OSF_LOAN , SUP_CRP_GUIDE",05/10/2026 11:08:00,VRI,05/10/2026 11:46:53,VRI,17,Survey_001