"Empowerment, Agency & Sourcing Independence (All Rajasthan District)",,,
Table 16,Family Support (Husband & Household),Number of WE,% of Total WE
,I need help from my family in running my enterprise more effectively,25,0.2777777777777778
,"My husband was not supportive initially, but now helps when required",27,0.3
,My husband supports/supported me financially,27,0.3
,I have full support of my husband/family and helped me in every possible way,33,0.36666666666666664
,I am running my enterprise without anyone’s support,29,0.32222222222222224
,TOTAL RESPONSES,=SUM(C4:C8),=SUM(D4:D8)
Table 17,Comfort with Existing Sourcing Method & Negotiation,Number of WE,% of Total WE
,I travel alone and I handle negotiations independently,23,0.25555555555555554
,I need travel companion but I handle negotiations independently,27,0.3
,My family member handles the purchase,21,0.23333333333333334
,OSF/SVEP CRP helps in sourcing material,0,0.0
,I want to source material from different places but I need support,1,0.011111111111111112
,I am content to source material from nearby market,16,0.17777777777777778
,TOTAL RESPONDENTS,=SUM(C13:C18),=SUM(D13:D18)
